Chemical,Concentration,CAS_Number,Batch ,File_name ,Clean_Tags,General_activity,Specific_activity,General_target,Specific_target,Chemical_class,Category,Minimal media (mark only if Yes),,,
"A22 (S-(3,4-dichlorobenzyl)isothiourea)",0.02ugml,22816-60-0,1&2,A22.002ugml,A22 (0.02 µg/mL),Cytoskeletal inhibitor (antibacterial),Inhibits MreB leading to rod-to-coccoid transition,Bacterial cytoskeleton (cell shape),MreB (bacterial actin homolog),Thiourea derivative,Chemical stress,,,,
"A22 (S-(3,4-dichlorobenzyl)isothiourea)",0.05ugml,22816-60-0,1&2,A22.005ugml,A22 (0.05 µg/mL),Cytoskeletal inhibitor (antibacterial),Inhibits MreB leading to rod-to-coccoid transition,Bacterial cytoskeleton (cell shape),MreB (bacterial actin homolog),Thiourea derivative,Chemical stress,,,,
"A22 (S-(3,4-dichlorobenzyl)isothiourea)",0.1ugml,22816-60-0,1&2,A22.01ugml,A22 (0.1 µg/mL),Cytoskeletal inhibitor (antibacterial),Inhibits MreB leading to rod-to-coccoid transition,Bacterial cytoskeleton (cell shape),MreB (bacterial actin homolog),Thiourea derivative,Chemical stress,,,,
"A22 (S-(3,4-dichlorobenzyl)isothiourea)",0.2ugml,22816-60-0,1&2,A22.02ugml,A22 (0.2 µg/mL),Cytoskeletal inhibitor (antibacterial),Inhibits MreB leading to rod-to-coccoid transition,Bacterial cytoskeleton (cell shape),MreB (bacterial actin homolog),Thiourea derivative,Chemical stress,,,,
Aceticacid,10mM,64-19-7,1&2,Aceticacid.10mM,Acetic acid (10 mM),Acidic stress (weak organic acid),pH-dependent growth inhibition,Cell envelope (proton motive force),Cytoplasmic acidification/pH homeostasis,Organic acid,Chemical stress,,,,
Aceticacid,1mM,64-19-7,1&2,Aceticacid.1mM,Acetic acid (1 mM),Acidic stress (weak organic acid),pH-dependent growth inhibition,Cell envelope (proton motive force),Cytoplasmic acidification/pH homeostasis,Organic acid,Chemical stress,,,,
Aceticacid,5mM,64-19-7,1&2,Aceticacid.5mM,Acetic acid (5 mM),Acidic stress (weak organic acid),pH-dependent growth inhibition,Cell envelope (proton motive force),Cytoplasmic acidification/pH homeostasis,Organic acid,Chemical stress,,,,"(Categories are: Antibiotics, Carbon source utilisation, Antiseptic, Chemical stress, Environmental stress, Metal stress, Stress combination)"
Alanine,0.4_%(w/v),56-41-7,Minimal media,Alanine.,Alanine (0.4% w/v),Nutrient (amino acid),Metabolized via alanine dehydrogenase,Metabolic pathways (C/N source),Alanine dehydrogenase (DadA),Amino acid,Carbon source utilisation,Y,,,
Ampicillin,128ugml,69-52-3 ,1&2,Ampicillin.128ugml,Ampicillin (128 µg/mL),_-Lactam antibiotic (antibacterial),Cell wall synthesis inhibitor,Peptidoglycan (cell wall),Penicillin-binding proteins (PBPs),_-Lactam (penicillin),Antibiotics,,,,
Ampicillin,256ugml,69-52-3 ,1&2,Ampicillin.256ugml,Ampicillin (256 µg/mL),_-Lactam antibiotic (antibacterial),Cell wall synthesis inhibitor,Peptidoglycan (cell wall),Penicillin-binding proteins (PBPs),_-Lactam (penicillin),Antibiotics,,,,
Ampicillin,32ugml,69-52-3 ,1&2,Ampicillin.32ugml,Ampicillin (32 µg/mL),_-Lactam antibiotic (antibacterial),Cell wall synthesis inhibitor,Peptidoglycan (cell wall),Penicillin-binding proteins (PBPs),_-Lactam (penicillin),Antibiotics,,,,
Ampicillin,64ugml,69-52-3 ,1&2,Ampicillin.64ugml,Ampicillin (64 µg/mL),_-Lactam antibiotic (antibacterial),Cell wall synthesis inhibitor,Peptidoglycan (cell wall),Penicillin-binding proteins (PBPs),_-Lactam (penicillin),Antibiotics,,,,
Anaerobic,N/A,N/A,1&2,Anaerobic.,Anaerobic,Environmental condition (anaerobic),Anaerobic metabolic shift,Energy metabolism (respiration),Oxygen-independent respiration (e.g. fermentation),Condition (no oxygen),Environmental stress,,,,
Asparagine,0.4_%(w/v),70-47-3,Minimal media,Asparagine.,Asparagine (0.4% w/v),Nutrient (amino acid),Metabolized via asparagine synthetase/glutaminase,Nitrogen metabolism,Asparagine synthetase (AsnA/AsnB),Amino acid,Carbon source utilisation,Y,,,
NaClO (Bleach),0.5_%(w/v),N/A,1&2,Bleach.05.,NaClO (Bleach) (0.5% w/v),Oxidative stress (biocide),Broad oxidation of proteins and membranes,Cellular macromolecules,Sulfur-containing residues (Cys/Met),Oxidizing disinfectant,Antiseptic,,,,
NaClO (Bleach),1_%(w/v),N/A,1&2,Bleach.1.,NaClO (Bleach) (1% w/v),Oxidative stress (biocide),Broad oxidation of proteins and membranes,Cellular macromolecules,Sulfur-containing residues (Cys/Met),Oxidizing disinfectant,Antiseptic,,,,
NaClO (Bleach),25_%(w/v),N/A,1&2,Bleach.25,NaClO (Bleach) (25% w/v),Oxidative stress (biocide),Broad oxidation of proteins and membranes,Cellular macromolecules,Sulfur-containing residues (Cys/Met),Oxidizing disinfectant,Antiseptic,,,,
Blood,N/A,,Minimal media,Blood.,Blood,Growth medium (rich in nutrients and heme iron),Supports growth; provides iron via heme uptake,Iron acquisition,Hmu hemin/heme uptake system,Biological fluid (growth medium),Carbon source utilisation,Y,,,
CaCl2 (Calcium chloride),20mM,10043-52-4,1&2,CaCl2.20mM,CaCl_ (20 mM),Ionic stress (divalent cation),Stabilizes/destabilizes outer membrane (LPS bridging),Cell envelope stability,LPS-Mg__/Ca__ binding,Ionic compound (salt),Environmental stress,,,,
CaCl2 (Calcium chloride),40mM,10043-52-4,1&2,CaCl2.40mM,CaCl_ (40 mM),Ionic stress (divalent cation),Stabilizes/destabilizes outer membrane (LPS bridging),Cell envelope stability,LPS-Mg__/Ca__ binding,Ionic compound (salt),Environmental stress,,,,
CCCP (Carbonyl cyanide 3-chlorophenylhydrazone),0.1ugml,555-60-2,1&2,CCCP.01ugml,CCCP (0.1 µg/mL),Protonophore (respiratory uncoupler),Dissipates proton-motive force (PMF),Cell membrane (PMF),Proton gradient (H_ transport),Ionophore (uncoupler),Chemical stress,,,,
CCCP (Carbonyl cyanide 3-chlorophenylhydrazone),0.5ugml,555-60-2,1&2,CCCP.05ugml,CCCP (0.5 µg/mL),Protonophore (respiratory uncoupler),Dissipates proton-motive force (PMF),Cell membrane (PMF),Proton gradient (H_ transport),Ionophore (uncoupler),Chemical stress,,,,
CCCP (Carbonyl cyanide 3-chlorophenylhydrazone),2ugml,555-60-2,1&2,CCCP.2ugml,CCCP (2 µg/mL),Protonophore (respiratory uncoupler),Dissipates proton-motive force (PMF),Cell membrane (PMF),Proton gradient (H_ transport),Ionophore (uncoupler),Chemical stress,,,,
Cefaclor,1ugml,53994-73-3,1&2,Cefaclor.1ugml,Cefaclor (1 µg/mL),_-Lactam antibiotic (cephalosporin),Cell wall synthesis inhibitor,Peptidoglycan (cell wall),Penicillin-binding proteins (PBPs),_-Lactam (cephalosporin),Antibiotics,,,,
Cefaclor,2ugml,53994-73-3,1&2,Cefaclor.2ugml,Cefaclor (2 µg/mL),_-Lactam antibiotic (cephalosporin),Cell wall synthesis inhibitor,Peptidoglycan (cell wall),Penicillin-binding proteins (PBPs),_-Lactam (cephalosporin),Antibiotics,,,,
Cefaclor,4ugml,53994-73-3,1&2,Cefaclor.4ugml,Cefaclor (4 µg/mL),_-Lactam antibiotic (cephalosporin),Cell wall synthesis inhibitor,Peptidoglycan (cell wall),Penicillin-binding proteins (PBPs),_-Lactam (cephalosporin),Antibiotics,,,,
Cefaclor,8ugml,53994-73-3,1&2,Cefaclor.8ugml,Cefaclor (8 µg/mL),_-Lactam antibiotic (cephalosporin),Cell wall synthesis inhibitor,Peptidoglycan (cell wall),Penicillin-binding proteins (PBPs),_-Lactam (cephalosporin),Antibiotics,,,,
Cefepime,0.03ugml,88040-23-7,1&2,Cefepime.003ugml,Cefepime (0.03 µg/mL),_-Lactam antibiotic (cephalosporin),Cell wall synthesis inhibitor,Peptidoglycan (cell wall),Penicillin-binding proteins (PBPs),"_-Lactam (cephalosporin, 4th gen)",Antibiotics,,,,
Cefepime,0.06ugml,88040-23-7,1&2,Cefepime.006ugml,Cefepime (0.06 µg/mL),_-Lactam antibiotic (cephalosporin),Cell wall synthesis inhibitor,Peptidoglycan (cell wall),Penicillin-binding proteins (PBPs),"_-Lactam (cephalosporin, 4th gen)",Antibiotics,,,,
Cefepime,0.25ugml,88040-23-7,1&2,Cefepime.025ugml,Cefepime (0.25 µg/mL),_-Lactam antibiotic (cephalosporin),Cell wall synthesis inhibitor,Peptidoglycan (cell wall),Penicillin-binding proteins (PBPs),"_-Lactam (cephalosporin, 4th gen)",Antibiotics,,,,
CefepimeTazobactam,0.03ugml0.015ugml,N/A,1&2,CefepimeTazobactam.003.0015ugml,Cefepime + Tazobactam (0.03/0.015 µg/mL),_-Lactam + _-lactamase inhibitor (antibacterial combo),Cell wall synthesis inhibitor (protected from _-lactamases),Peptidoglycan (cell wall); _-lactamases,PBPs; _-lactamase enzymes,_-Lactam antibiotic + inhibitor,Stress combination,,,,
CefepimeTazobactam,0.06ugml0.03ugml,N/A,1&2,CefepimeTazobactam.006.003ugml,Cefepime + Tazobactam (0.06/0.03 µg/mL),_-Lactam + _-lactamase inhibitor (antibacterial combo),Cell wall synthesis inhibitor (protected from _-lactamases),Peptidoglycan (cell wall); _-lactamases,PBPs; _-lactamase enzymes,_-Lactam antibiotic + inhibitor,Stress combination,,,,
CefepimeTazobactam,0.125ugml0.06ugml,N/A,1&2,CefepimeTazobactam.0125.006ugml,Cefepime + Tazobactam (0.125/0.06 µg/mL),_-Lactam + _-lactamase inhibitor (antibacterial combo),Cell wall synthesis inhibitor (protected from _-lactamases),Peptidoglycan (cell wall); _-lactamases,PBPs; _-lactamase enzymes,_-Lactam antibiotic + inhibitor,Stress combination,,,,
CefepimeTazobactam,25ugml0.125ugml,N/A,3,CefepimeTazobactam.25.0125ugml,Cefepime + Tazobactam (25/0.125 µg/mL),_-Lactam + _-lactamase inhibitor (antibacterial combo),Cell wall synthesis inhibitor (protected from _-lactamases),Peptidoglycan (cell wall); _-lactamases,PBPs; _-lactamase enzymes,_-Lactam antibiotic + inhibitor,Stress combination,,,,
CefiderocolCeftazadime,0.125ugml0.5ugml,N/A,3,CeferdericolCeftazadime.0125.05ugml,Cefiderocol + Ceftazidime (0.125/0.5 µg/mL),_-Lactam combination (siderophore cephalosporin + cephalosporin),Cell wall synthesis inhibitor (synergistic),Peptidoglycan (cell wall),PBPs (inhibition of transpeptidation),_-Lactam combination,Stress combination,,,,
CefiderocolColistin,0.125ugml0.2ugml,N/A,3,CeferdericolColistin.0125.02ugml,Cefiderocol + Colistin (0.125/0.2 µg/mL),_-Lactam + polymyxin (combination therapy),Cell wall synthesis + outer membrane disruption,Peptidoglycan & outer membrane,PBPs (cell wall); lipid A of LPS (outer membrane),_-Lactam + polymyxin,Stress combination,,,,
CefiderocolColistin,0.125ugml0.4ugml,N/A,3,CeferdericolColistin.0125.04ugml,Cefiderocol + Colistin (0.125/0.4 µg/mL),_-Lactam + polymyxin (combination therapy),Cell wall synthesis + outer membrane disruption,Peptidoglycan & outer membrane,PBPs (cell wall); lipid A of LPS (outer membrane),_-Lactam + polymyxin,Stress combination,,,,
CefiderocolImipenem,0.125ugml0.125ugml,N/A,3,CeferdericolImipenem.0125.0125ugml,Cefiderocol + Imipenem (0.125/0.125 µg/mL),_-Lactam combination (siderophore cephalosporin + carbapenem),Cell wall synthesis inhibitor (dual),Peptidoglycan (cell wall),PBPs (multiple),_-Lactam combination,Stress combination,,,,
CefiderocolImipenem,0.125ugml0.25ugml,N/A,3,CeferdericolImipenem.0125.025ugml,Cefiderocol + Imipenem (0.125/0.25 µg/mL),_-Lactam combination (siderophore cephalosporin + carbapenem),Cell wall synthesis inhibitor (dual),Peptidoglycan (cell wall),PBPs (multiple),_-Lactam combination,Stress combination,,,,
CefiderocolMeropenem,0.125ugml0.03ugml,N/A,3,CeferdericolMeropenem.0125.003ugml,Cefiderocol + Meropenem (0.125/0.03 µg/mL),_-Lactam combination,Cell wall synthesis inhibitor (dual),Peptidoglycan (cell wall),PBPs (multiple),_-Lactam combination,Stress combination,,,,
CefiderocolTigecycline,0.125ugml1ugml,N/A,3,CeferdericolTigecycline.0125.1ugml,Cefiderocol + Tigecycline (0.125/1 µg/mL),_-Lactam + glycylcycline (combination therapy),Cell wall + protein synthesis inhibition,Cell wall & ribosome,PBPs (_-lactam); 30S ribosome (tigecycline),_-Lactam + tetracycline derivative,Stress combination,,,,
Cefiderocol,0.125ugml,1225208-94-5,3,Ceferdericol.0125ugml,Cefiderocol (0.125 µg/mL),_-Lactam ,Cell wall,Cell wall,PBPs (_-lactam),_-Lactam,Antibiotics,,,,
Ceftazidime,0.5ugml,120618-65-7,1&2,Ceftazidime.05ugml,Ceftazidime (0.5 µg/mL),_-Lactam antibiotic (cephalosporin),Cell wall synthesis inhibitor,Peptidoglycan (cell wall),Penicillin-binding proteins (PBPs),"_-Lactam (cephalosporin, 3rd gen)",Antibiotics,,,,
Ceftazidime,1ugml,120618-65-7,1&2,Within batch 5 folder (additional set 3),Ceftazidime (1 µg/mL),_-Lactam antibiotic (cephalosporin),Cell wall synthesis inhibitor,Peptidoglycan (cell wall),Penicillin-binding proteins (PBPs),"_-Lactam (cephalosporin, 3rd gen)",Antibiotics,,,,
Ceftazidime,2ugml,120618-65-7,1&2,Within batch 5 folder (additional set 3),Ceftazidime (2 µg/mL),_-Lactam antibiotic (cephalosporin),Cell wall synthesis inhibitor,Peptidoglycan (cell wall),Penicillin-binding proteins (PBPs),"_-Lactam (cephalosporin, 3rd gen)",Antibiotics,,,,
Ceftazidime,4ugml,120618-65-7,1&2,Ceftazidime.4ugml,Ceftazidime (4 µg/mL),_-Lactam antibiotic (cephalosporin),Cell wall synthesis inhibitor,Peptidoglycan (cell wall),Penicillin-binding proteins (PBPs),"_-Lactam (cephalosporin, 3rd gen)",Antibiotics,,,,
Ceftriaxone,0.5ugml,73384-59-5,1&2,Ceftriaxone.05ugml,Ceftriaxone (0.5 µg/mL),Borad spectrum antibiotic (bactericidal) ,Inhibits cell wall peptidoglycan cross_linking leading to cell lysis.,Peptidoglycan (cell wall),Penicillin-binding proteins (PBPs),"_-Lactam (cephalosporin, 3rd gen)",Antibiotics,,,,
Ceftriaxone,1ugml,73384-59-5,1&2,Ceftriaxone.1ugml,Ceftriaxone (1 µg/mL),Borad spectrum antibiotic (bactericidal) ,Inhibits cell wall peptidoglycan cross_linking leading to cell lysis.,Peptidoglycan (cell wall),Penicillin-binding proteins (PBPs),"_-Lactam (cephalosporin, 3rd gen)",Antibiotics,,,,
Chloramphenicol,2ugml,,1&2,Chloramphenicol.2ugml,Chloramphenicol (2 µg/mL),Broad-spectrum antibiotic (bacteriostatic),Inhibits protein synthesis (50S),Ribosome,50S peptidyl transferase (23S rRNA),Amphenicol (aryl alcohol),Antibiotics,,,,
Chloramphenicol,3ugml,,1&2,Chloramphenicol.3ugml,Chloramphenicol (3 µg/mL),Broad-spectrum antibiotic (bacteriostatic),Inhibits protein synthesis (50S),Ribosome,50S peptidyl transferase (23S rRNA),Amphenicol (aryl alcohol),Antibiotics,,,,
Chloramphenicol,4ugml,,1&2,Chloramphenicol.4ugml,Chloramphenicol (4 µg/mL),Broad-spectrum antibiotic (bacteriostatic),Inhibits protein synthesis (50S),Ribosome,50S peptidyl transferase (23S rRNA),Amphenicol (aryl alcohol),Antibiotics,,,,
Ciprofloxacin,0.125ugml,85721-33-1,1&2,Ciprofloxacin.0125ugml,Ciprofloxacin (0.125 µg/mL),Fluoroquinolone,DNA replication inhibitor,DNA dependent processes,DNA gyrase,Fluoroquinolone,Antibiotics,,,,
Ciprofloxacin,0.25ugml,85721-33-1,1&2,Ciprofloxacin.025ugml,Ciprofloxacin (0.25 µg/mL),Fluoroquinolone,DNA replication inhibitor,DNA dependent processes,DNA gyrase,Fluoroquinolone,Antibiotics,,,,
Ciprofloxacin,0.5ugml,85721-33-1,1&2,Ciprofloxacin.05ugml,Ciprofloxacin (0.5 µg/mL),Fluoroquinolone,DNA replication inhibitor,DNA dependent processes,DNA gyrase,Fluoroquinolone,Antibiotics,,,,
Ciprofloxacin,1ugml,85721-33-1,1&2,Ciprofloxacin.1ugml,Ciprofloxacin (1 µg/mL),Fluoroquinolone,DNA replication inhibitor,DNA dependent processes,DNA gyrase,Fluoroquinolone,Antibiotics,,,,
CiprofloxacinRifampicin,0.25ugml2ugml,N/A,3,CiprofloxacinRifampicin.025.2ugml,Ciprofloxacin + Rifampicin (0.25/2 µg/mL),Fluoroquinolone + rifamycin (combination),DNA replication and transcription inhibition,DNA and RNA synthesis,DNA gyrase (GyrA/B) and RNA polymerase __subunit (RpoB),Fluoroquinolone + rifamycin combination,Stress combination,,,,
CiprofloxacinRifampicin,0.5ugml2ugml,N/A,3,CiprofloxacinRifampicin.05.2ugml,Ciprofloxacin + Rifampicin (0.5/2 µg/mL),Fluoroquinolone + rifamycin (combination),DNA replication and transcription inhibition,DNA and RNA synthesis,DNA gyrase (GyrA/B) and RNA polymerase __subunit (RpoB),Fluoroquinolone + rifamycin combination,Stress combination,,,,
Citricacid,0.4_%(w/v),,Minimal media,Citricacid.,Citric acid (0.4% w/v),Acidic pH stress,Lowers pH,Intracellular pH homeostasis,Proton-translocating ATPases; acid resistance systems,Condition (acidic environment),Chemical stress,,,,
Clindamycin,4ugml,21462-39-5,1&2,Clindamycin.4ugml,Clindamycin (4 µg/mL),Protein synthesis inhibitor,Binds 50S ribosomal subunit,Ribosome,"50S subunit (23S rRNA, peptidyl-transferase center)",Lincosamide,Antibiotics,,,,
Clindamycin,8ugml,21462-39-5,1&2,Clindamycin.8ugml,Clindamycin (8 µg/mL),Protein synthesis inhibitor,Binds 50S ribosomal subunit,Ribosome,"50S subunit (23S rRNA, peptidyl-transferase center)",Lincosamide,Antibiotics,,,,
Colistin (Polymyxin E),0.2ugml,1264-72-8,1&2,Colistin.02ugml,Colistin (0.2 µg/mL),Polymyxin,Outer membrane disruption,Outer membrane,Lipid A of LPS (outer membrane),Polymyxin,Antibiotics,,,,
Colistin (Polymyxin E),0.4ugml,1264-72-8,1&2,Colistin.04ugml,Colistin (0.4 µg/mL),Polymyxin,Outer membrane disruption,Outer membrane,Lipid A of LPS (outer membrane),Polymyxin,Antibiotics,,,,
Colistin (Polymyxin E),0.6ugml,1264-72-8,1&2,Colistin.06ugml,Colistin (0.6 µg/mL),Polymyxin,Outer membrane disruption,Outer membrane,Lipid A of LPS (outer membrane),Polymyxin,Antibiotics,,,,
ColistinCefepime,0.4ugml0.125ugml,N/A,3,Within batch 5 folder (additional set 3),Colistin + Cefepime (0.4/0.125 µg/mL),Polymyxin + _-Lactam ,Membrane disruption + cell wall synthesis inhibitor,Cell envelope integrity and peptidoglycan (cell wall),Lipopolysaccharide (LPS) in outer membrane and penicillin_binding proteins (PBPs) involved in peptidoglycan cross_linking,Polymyxin + _-lactam (carbapenem),Stress combination,,,,
ColistinCefepime,0.4ugml0.25ugml,N/A,3,ColistinCefepime.04.025ugml,Colistin + Cefepime (0.4/0.25 µg/mL),Polymyxin + _-Lactam ,Membrane disruption + cell wall synthesis inhibitor,Cell envelope integrity and peptidoglycan (cell wall),Lipopolysaccharide (LPS) in outer membrane and penicillin_binding proteins (PBPs) involved in peptidoglycan cross_linking,Polymyxin + _-lactam (carbapenem),Stress combination,,,,
ColistinCiprofloxacin,0.2ugml0.25ugml,N/A,3,ColistinCiprofloxacin.02.025ugml,Colistin + Ciprofloxacin (0.2/0.25 µg/mL),Polymyxin + fluoroquinolone (combination),Membrane disruption + DNA replication inhibitor,Outer membrane & DNA,Lipid A (colistin); DNA gyrase (GyrA),Polymyxin + fluoroquinolone,Stress combination,,,,
ColistinCiprofloxacin,0.4ugml0.5ugml,N/A,3,ColistinCiprofloxacin.04.05ugml,Colistin + Ciprofloxacin (0.4/0.5 µg/mL),Polymyxin + fluoroquinolone (combination),Membrane disruption + DNA replication inhibitor,Outer membrane & DNA,Lipid A (colistin); DNA gyrase (GyrA),Polymyxin + fluoroquinolone,Stress combination,,,,
ColistinGentamicin,0.2ugml2ugml,N/A,3,ColistinGentamicin.02.2ugml,Colistin + Gentamicin (0.2/2 µg/mL),Polymyxin + aminoglycoside (combination),Membrane disruption + translation inhibitor,Outer membrane & ribosome,Lipid A (colistin); 16S rRNA of 30S (gentamicin),Polymyxin + aminoglycoside,Stress combination,,,,
ColistinMetformin,0.2ugml10ugml,N/A,3,ColistinMetformin.02.10ugml,Colistin + Metformin (0.2/10 µg/mL),Polymyxin + metabolic modulator,Outer membrane disruption + metabolic interference,Outer membrane & metabolism,Lipid A (colistin); metabolic enzymes,Polymyxin + antihyperglycemic agent,Stress combination,,,,
ColistinMetformin,0.4ugml10ugml,N/A,3,ColistinMetformin.04.10ugml,Colistin + Metformin (0.4/10 µg/mL),Polymyxin + metabolic modulator,Outer membrane disruption + metabolic interference,Outer membrane & metabolism,Lipid A (colistin); metabolic enzymes,Polymyxin + antihyperglycemic agent,Stress combination,,,,
ColistinpH5,0.2ugml,N/A,3,ColistinpH5.02ugml,Colistin (pH 5) (0.2 µg/mL),Polymyxin antibiotic at acidic pH,Membrane disruption in low pH,Outer membrane,Lipid A (colistin); enhanced protonation at pH 5,Polymyxin (acid stress),Stress combination,,,,
ColistinpH5,0.4ugml,N/A,3,ColistinpH5.04ugml,Colistin (pH 5) (0.4 µg/mL),Polymyxin antibiotic at acidic pH,Membrane disruption in low pH,Outer membrane,Lipid A (colistin); enhanced protonation at pH 5,Polymyxin (acid stress),Stress combination,,,,
ColistinpH9,0.4ugml,N/A,3,ColistinpH9.04ugml,Colistin (pH 9) (0.4 µg/mL),Polymyxin antibiotic at basic pH,Membrane disruption at high pH,Outer membrane,Lipid A (colistin); decreased protonation at pH 9,Polymyxin (alkaline stress),Stress combination,,,,
Daptomycin,1ugml,,1&2,Daptomycin.1ugml,Daptomycin (1 µg/mL),Lipopeptide antibiotic (Gram-positive only),Membrane depolarizer (ineffective on Gram-negatives),Cytoplasmic membrane,Phosphatidylglycerol (absent in Gram-neg outer membrane),Lipopeptide,Antibiotics,,,,
Daptomycin,2ugml,,1&2,Daptomycin.2ugml,Daptomycin (2 µg/mL),Lipopeptide antibiotic (Gram-positive only),Membrane depolarizer (ineffective on Gram-negatives),Cytoplasmic membrane,Phosphatidylglycerol (absent in Gram-neg outer membrane),Lipopeptide,Antibiotics,,,,
DMSO,1_%(w/v),,1&2,DMSO.1.,DMSO (1% w/v),Organic solvent (vehicle control),"Solvent stress, permeabilizes membranes",Cell membrane,Phospholipid bilayer perturbation,Polar aprotic solvent,Chemical stress,,,,
DMSO,10_%(w/v),,1&2,DMSO.10.,DMSO (10% w/v),Organic solvent (vehicle control),"Solvent stress, permeabilizes membranes",Cell membrane,Phospholipid bilayer perturbation,Polar aprotic solvent,Chemical stress,,,,
DMSO,5_%(w/v),,1&2,DMSO.5.,DMSO (5% w/v),Organic solvent (vehicle control),"Solvent stress, permeabilizes membranes",Cell membrane,Phospholipid bilayer perturbation,Polar aprotic solvent,Chemical stress,,,,
Doripenem,0.125ugml,,1&2,Doripenem.0125ugml,Doripenem (0.125 µg/mL),_-Lactam antibiotic (carbapenem),Cell wall synthesis inhibitor,Peptidoglycan (cell wall),Penicillin-binding proteins (PBPs),_-Lactam (carbapenem),Antibiotics,,,,
Doripenem,0.25ugml,,1&2,Doripenem.025ugml,Doripenem (0.25 µg/mL),_-Lactam antibiotic (carbapenem),Cell wall synthesis inhibitor,Peptidoglycan (cell wall),Penicillin-binding proteins (PBPs),_-Lactam (carbapenem),Antibiotics,,,,
Doripenem,0.3ugml,,1&2,Doripenem.03ugml,Doripenem (0.3 µg/mL),_-Lactam antibiotic (carbapenem),Cell wall synthesis inhibitor,Peptidoglycan (cell wall),Penicillin-binding proteins (PBPs),_-Lactam (carbapenem),Antibiotics,,,,
EDTA (Ethylenediaminetetraacetic acid),0.1mM,,1&2,EDTA.01mM,EDTA (0.1 mM),Chelating agent (membrane permeabilizer),"Binds divalent cations, destabilizes LPS",Outer membrane (LPS),LPS cross-linking Mg__/Ca__ bridges,Chelator (permeabilizer),Metal stress,,,,
EDTA (Ethylenediaminetetraacetic acid),0.5mM,,1&2,EDTA.05mM,EDTA (0.5 mM),Chelating agent (membrane permeabilizer),"Binds divalent cations, destabilizes LPS",Outer membrane (LPS),LPS cross-linking Mg__/Ca__ bridges,Chelator (permeabilizer),Metal stress,,,,
EDTA (Ethylenediaminetetraacetic acid),1mM,,1&2,EDTA.1mM,EDTA (1 mM),Chelating agent (membrane permeabilizer),"Binds divalent cations, destabilizes LPS",Outer membrane (LPS),LPS cross-linking Mg__/Ca__ bridges,Chelator (permeabilizer),Metal stress,,,,
EDTA (Ethylenediaminetetraacetic acid),2mM,,1&2,EDTA.2mM,EDTA (2 mM),Chelating agent (membrane permeabilizer),"Binds divalent cations, destabilizes LPS",Outer membrane (LPS),LPS cross-linking Mg__/Ca__ bridges,Chelator (permeabilizer),Metal stress,,,,
Ertapenem,0.03ugml,,1&2,Ertapenem.003ugml,Ertapenem (0.03 µg/mL),Antibiotic,Bactericidal,Cell wall synthesis,"Inhibition of penicillin-binding proteins (PBPs), prevents peptidoglycan cross-linking",_-lactam,Antibiotics,,,,
Ertapenem,0.06ugml,,1&2,Ertapenem.006ugml,Ertapenem (0.06 µg/mL),Antibiotic,Bactericidal,Cell wall synthesis,"Inhibition of penicillin-binding proteins (PBPs), prevents peptidoglycan cross-linking",_-lactam,Antibiotics,,,,
Ethanol,1_%(w/v),,1&2,Ethanol.1.,Ethanol (1% w/v),Alcohol disinfectant,Protein denaturation and membrane fluidization,Cell membrane & proteins,Lipid bilayer permeability; protein unfolding,Alcohol,Antiseptic,,,,
Ethanol,3_%(w/v),,1&2,Ethanol.3.,Ethanol (3% w/v),Alcohol disinfectant,Protein denaturation and membrane fluidization,Cell membrane & proteins,Lipid bilayer permeability; protein unfolding,Alcohol,Antiseptic,,,,
Ethanol,5_%(w/v),,1&2,Ethanol.5.,Ethanol (5% w/v),Alcohol disinfectant,Protein denaturation and membrane fluidization,Cell membrane & proteins,Lipid bilayer permeability; protein unfolding,Alcohol,Antiseptic,,,,
FBS (Fetal Bovine Serum),5_%(w/v),,1&2,FBS.5,FBS (Fetal bovine serum) (5% w/v),Rich growth supplement (media component),"Provides nutrients and proteins (e.g., transferrin)",Metabolism and growth,Iron-bound transferrin (iron source),Complex serum (growth medium),Carbon source utilisation,Y,,,
Galactose,0.4_%(w/v),59-23-4,Minimal media,Galactose.,Galactose (0.4% w/v),Sugar (nutrient),Fermented via Leloir pathway,Central metabolism (glycolysis),Galactose-1-phosphate uridylyltransferase (GalT),Carbohydrate,Carbon source utilisation,Y,,,
Gentamicin,1ugml,1405-41-0,1&2,Within batch 5 folder (additional set 3),Gentamicin (1 µg/mL),Protein synthesis inhibitor (bactericidal),Binds 30S ribosomal subunit causing mistranslation and protein truncation,Ribosome,16S rRNA (30S decoding center),Aminoglycoside antibiotic,Antibiotics,,,,
Gentamicin,2ugml,1405-41-0,1&2,Within batch 5 folder (additional set 3),Gentamicin (2 µg/mL),Protein synthesis inhibitor (bactericidal),Binds 30S ribosomal subunit causing mistranslation and protein truncation,Ribosome,16S rRNA (30S decoding center),Aminoglycoside antibiotic,Antibiotics,,,,
Glutamate,0.4_%(w/v),03/04/6106,Minimal media,Glutamate.,Glutamate (0.4% w/v),Nutrient (amino acid),Central carbon source (_-ketoglutarate production),Tricarboxylic acid cycle,Glutamate dehydrogenase (GDH),Amino acid,Carbon source utilisation,Y,,,
Glutamine,0.4_%(w/v),,Minimal media,Glutamine.,Glutamine (0.4% w/v),Nutrient (amino acid),Nitrogen donor; converted to glutamate,Nitrogen assimilation,Glutamine synthetase; glutaminase,Amino acid,Carbon source utilisation,Y,,,
Imipenem,0.125ugml,74431-23-5,1&2,Imipenem.0125ugml,Imipenem (0.125 µg/mL),_-Lactam antibiotic (carbapenem),Cell wall synthesis inhibitor,Peptidoglycan (cell wall),Penicillin-binding proteins (PBPs),_-Lactam (carbapenem),Antibiotics,,,,
Imipenem,0.25ugml,74431-23-5,1&2,Imipenem.025ugml,Imipenem (0.25 µg/mL),_-Lactam antibiotic (carbapenem),Cell wall synthesis inhibitor,Peptidoglycan (cell wall),Penicillin-binding proteins (PBPs),_-Lactam (carbapenem),Antibiotics,,,,
Imipenem,0.5ugml,74431-23-5,1&2,Imipenem.05ugml,Imipenem (0.5 µg/mL),_-Lactam antibiotic (carbapenem),Cell wall synthesis inhibitor,Peptidoglycan (cell wall),Penicillin-binding proteins (PBPs),_-Lactam (carbapenem),Antibiotics,,,,
Indole,1ugml,120-72-9,1&2,Indole.1ugml,Indole (1 µg/mL),Bacterial signaling metabolite,"Modulates virulence and stress response (e.g., gene regulation)",Transcriptional regulators,"Two-component regulatory pathways (e.g., TnaA effects)",Aromatic heterocycle (tryptophan catabolite),Chemical stress,,,,
Indole,5ugml,120-72-9,1&2,Indole.5ugml,Indole (5 µg/mL),Bacterial signaling metabolite,"Modulates virulence and stress response (e.g., gene regulation)",Transcriptional regulators,"Two-component regulatory pathways (e.g., TnaA effects)",Aromatic heterocycle (tryptophan catabolite),Chemical stress,,,,
Isopropanol,1_%(w/v) ,67-63-0,1&2,Isopropanol.1.,Isopropanol (1% w/v),Alcohol disinfectant,"Protein denaturation, membrane disruption",Cell membrane & proteins,Lipid bilayer solubilization; protein unfolding,Alcohol,Chemical stress,,,,
Isopropanol,5_%(w/v) ,67-63-0,1&2,Isopropanol.5.,Isopropanol (5% w/v),Alcohol disinfectant,"Protein denaturation, membrane disruption",Cell membrane & proteins,Lipid bilayer solubilization; protein unfolding,Alcohol,Chemical stress,,,,
Kanamycin,1ugml,25389-94-0,1&2,Kanamycin.1ugml,Kanamycin (1 µg/mL),Aminoglycoside antibiotic,Inhibits protein synthesis by binding 30S,Ribosome,16S rRNA of 30S subunit,Aminoglycoside,Antibiotics,,,,
Kanamycin,2ugml,25389-94-0,1&2,Kanamycin.2ugml,Kanamycin (2 µg/mL),Aminoglycoside antibiotic,Inhibits protein synthesis by binding 30S,Ribosome,16S rRNA of 30S subunit,Aminoglycoside,Antibiotics,,,,
Kanamycin,4ugml,25389-94-0,1&2,Kanamycin.4ugml,Kanamycin (4 µg/mL),Aminoglycoside antibiotic,Inhibits protein synthesis by binding 30S,Ribosome,16S rRNA of 30S subunit,Aminoglycoside,Antibiotics,,,,
Kanamycin,6ugml,25389-94-0,1&2,Kanamycin.6ugml,Kanamycin (6 µg/mL),Aminoglycoside antibiotic,Inhibits protein synthesis by binding 30S,Ribosome,16S rRNA of 30S subunit,Aminoglycoside,Antibiotics,,,,
Kanamycin,8ugml,25389-94-0,1&2,Kanamycin.8ugml,Kanamycin (8 µg/mL),Aminoglycoside antibiotic,Inhibits protein synthesis by binding 30S,Ribosome,16S rRNA of 30S subunit,Aminoglycoside,Antibiotics,,,,
Lactose,0.4_%(w/v),5965-66-2,Minimal media,Lactose.,Lactose (0.4% w/v),Disaccharide (nutrient),Fermented via _-galactosidase pathway,Central metabolism (glycolysis),_-Galactosidase (lacZ),Carbohydrate,Carbon source utilisation,Y,,,
LB (Luria broth) ,,,1&2&3&4,LB.,LB (Luria-Bertani broth),Complex growth medium,Nutrient-rich environment for growth,Cellular growth,"N/A (general nutrients, salts)",Bacterial growth medium,Base,,,,
Maltose,0.4_%(w/v),"
6363-53-7",Minimal media,Maltose.,Maltose (0.4% w/v),Disaccharide (nutrient),Fermented via maltose pathway,Central metabolism (glycolysis),Maltase and maltose transporters,Carbohydrate,Carbon source utilisation,Y,,,
Mannitol,0.4_%(w/v),69-65-8,Minimal media,Manitol.,Mannitol (0.4% w/v),Sugar alcohol (nutrient),Fermented via mannitol pathway,Central metabolism (glycolysis),"Mannitol dehydrogenase, PTS system",Sugar alcohol,Carbon source utilisation,Y,,,
Meropenem,0.03ugml,119478-56-7,3,Meropenem.003ugml,Meropenem (0.03 µg/mL),_-Lactam antibiotic (carbapenem),Cell wall synthesis inhibitor,Peptidoglycan (cell wall),Penicillin-binding proteins (PBPs),_-Lactam (carbapenem),Antibiotics,,,,
Metformin,10ugml,1115-70-4,1&2,Metformin.10mgml,Metformin (10 µg/mL),Biguanide (antidiabetic drug),Metabolic stress (reduces virulence factor expression),Metabolism (glycolysis),LPS modification/regulators (indirect),Biguanide,Chemical stress,,,,
Methanol,1_%(w/v),67-56-1,1&2,Methanol.1.,Methanol (1% w/v),Alcohol,Solvent stress (protein/membrane disruption),Cell membrane & proteins,"Similar to ethanol (denaturation, dehydration)",Alcohol,Chemical stress,,,,
Methanol,10_%(w/v),67-56-1,1&2,Methanol.10.,Methanol (10% w/v),Alcohol,Solvent stress (protein/membrane disruption),Cell membrane & proteins,"Similar to ethanol (denaturation, dehydration)",Alcohol,Chemical stress,,,,
Methanol,5_%(w/v),67-56-1,1&2,Methanol.5.,Methanol (5% w/v),Alcohol,Solvent stress (protein/membrane disruption),Cell membrane & proteins,"Similar to ethanol (denaturation, dehydration)",Alcohol,Chemical stress,,,,
MOPS.pH7,0.4_%(w/v),1132-61-2,Minimal media,MOPS.pH7,"MOPS buffer (pH 7, 0.4% w/v)",pH buffer (neutral condition),Provides stable neutral pH environment,Cellular pH homeostasis,N/A (buffering capacity),Buffer (morpholine propanesulfonic acid),Environmental stress,,,,
NoSalt,,N/A,Minimal media,NoSalt.,No salt,Osmotic stress condition,Hypoosmotic shock (water influx stress),Cell envelope osmotic balance,Osmoregulation systems,Osmotic condition,Environmental stress,,,,
Oxacillin,1ugml,1173-88-2,1&2,Oxacillin.1ugml,Oxacillin (1 µg/mL),_-Lactam antibiotic (penicillinase-resistant penicillin),Cell wall synthesis inhibitor (PBPs),Peptidoglycan (cell wall),Penicillin-binding proteins (PBPs),_-Lactam (penicillin),Antibiotics,,,,
Oxacillin,2ugml,1173-88-2,1&2,Oxacillin.2ugml,Oxacillin (2 µg/mL),_-Lactam antibiotic (penicillinase-resistant penicillin),Cell wall synthesis inhibitor (PBPs),Peptidoglycan (cell wall),Penicillin-binding proteins (PBPs),_-Lactam (penicillin),Antibiotics,,,,
Oxacillin,4ugml,1173-88-2,1&2,Oxacillin.4ugml,Oxacillin (4 µg/mL),_-Lactam antibiotic (penicillinase-resistant penicillin),Cell wall synthesis inhibitor (PBPs),Peptidoglycan (cell wall),Penicillin-binding proteins (PBPs),_-Lactam (penicillin),Antibiotics,,,,
Oxacillin,8ugml,1173-88-2,1&2,Oxacillin.8ugml,Oxacillin (8 µg/mL),_-Lactam antibiotic (penicillinase-resistant penicillin),Cell wall synthesis inhibitor (PBPs),Peptidoglycan (cell wall),Penicillin-binding proteins (PBPs),_-Lactam (penicillin),Antibiotics,,,,
pH5,N/A,N/A,3,pH5.,pH 5,Acidic pH stress,Protein and membrane protonation stress,Intracellular pH homeostasis,Proton-translocating ATPases; acid resistance systems,Condition (acidic environment),Environmental stress,,,,
pH6,N/A,N/A,1&2,pH6.,pH 6,Mild acidic pH stress,Slight reduction in growth rate,Intracellular pH homeostasis,"Acid tolerance (e.g., decarboxylases)",Condition (near-neutral pH),Environmental stress,,,,
pH8,N/A,N/A,1&2,pH8.,pH 8,Mild alkaline pH stress,Alkaline stress response,Intracellular pH homeostasis,Na_/H_ antiporters,Condition (alkaline environment),Environmental stress,,,,
pH9,N/A,N/A,1&2,pH9.,pH 9,Alkaline pH stress,Membrane and enzyme denaturation,Intracellular pH homeostasis,"Alkaline stress systems (e.g., antiporters)",Condition (strongly alkaline),Environmental stress,,,,
Piperacillin,16ugml,59703-84-3,1&2,Piperacillin.16ugml,Piperacillin (2 µg/mL),_-Lactam antibiotic (antipseudomonal penicillin),Cell wall synthesis inhibitor (PBPs),Peptidoglycan (cell wall),Penicillin-binding proteins (PBPs),_-Lactam (ureidopenicillin),Antibiotics,,,,
Piperacillin,2ugml,59703-84-3,1&2,Piperacillin.2ugml,Piperacillin (4 µg/mL),_-Lactam antibiotic (antipseudomonal penicillin),Cell wall synthesis inhibitor (PBPs),Peptidoglycan (cell wall),Penicillin-binding proteins (PBPs),_-Lactam (ureidopenicillin),Antibiotics,,,,
Piperacillin,4ugml,59703-84-3,1&2,Piperacillin.4ugml,Piperacillin (8 µg/mL),_-Lactam antibiotic (antipseudomonal penicillin),Cell wall synthesis inhibitor (PBPs),Peptidoglycan (cell wall),Penicillin-binding proteins (PBPs),_-Lactam (ureidopenicillin),Antibiotics,,,,
Piperacillin,8ugml,59703-84-3,1&2,Piperacillin.8ugml,Piperacillin (16 µg/mL),_-Lactam antibiotic (antipseudomonal penicillin),Cell wall synthesis inhibitor (PBPs),Peptidoglycan (cell wall),Penicillin-binding proteins (PBPs),_-Lactam (ureidopenicillin),Antibiotics,,,,
PiperacillinTazobactam,16ugml2ugml,N/A,1&2,PiperacillinTazobactam.16.2ugml,Piperacillin + Tazobactam (2/0.25 µg/mL),_-Lactam + _-lactamase inhibitor (combo),Cell wall synthesis inhibitor (protected),Peptidoglycan (cell wall); _-lactamases,PBPs; _-lactamase enzymes,_-Lactam + inhibitor,Stress combination,,,,
PiperacillinTazobactam,2ugml0.25ugml,N/A,1&2,PiperacillinTazobactam.2.025ugml,Piperacillin + Tazobactam (4/0.5 µg/mL),_-Lactam + _-lactamase inhibitor (combo),Cell wall synthesis inhibitor (protected),Peptidoglycan (cell wall); _-lactamases,PBPs; _-lactamase enzymes,_-Lactam + inhibitor,Stress combination,,,,
PiperacillinTazobactam,4ugml0.5ugml,N/A,1&2,PiperacillinTazobactam.4.05ugml,Piperacillin + Tazobactam (8/1 µg/mL),_-Lactam + _-lactamase inhibitor (combo),Cell wall synthesis inhibitor (protected),Peptidoglycan (cell wall); _-lactamases,PBPs; _-lactamase enzymes,_-Lactam + inhibitor,Stress combination,,,,
PiperacillinTazobactam,8ugml1ugml,N/A,1&2,PiperacillinTazobactam.8.1ugml,Piperacillin + Tazobactam (16/2 µg/mL),_-Lactam + _-lactamase inhibitor (combo),Cell wall synthesis inhibitor (protected),Peptidoglycan (cell wall); _-lactamases,PBPs; _-lactamase enzymes,_-Lactam + inhibitor,Stress combination,,,,
Rhamnose,0.4_%(w/v),10030-85-0,Minimal media,Rhamnose.,Rhamnose (0.4% w/v),Sugar (nutrient),Fermented via rhamnose pathway,Central metabolism (glycolysis),L-rhamnose isomerase,Carbohydrate,Carbon source utilisation,Y,,,
Rifampicin,1ugml,13292-46-1,3,Rifampicin.1ugml,Rifampicin (1 µg/mL),Rifamycin antibiotic (bactericidal),RNA polymerase _-subunit inhibitor,Transcription (RNA synthesis),RNA polymerase (RpoB subunit),Rifamycin,Antibiotics,,,,
Rifampicin,2ugml,13292-46-2,1&2,Rifampicin.2ugml,Rifampicin (2 µg/mL),Rifamycin antibiotic (bactericidal),RNA polymerase _-subunit inhibitor,Transcription (RNA synthesis),RNA polymerase (RpoB subunit),Rifamycin,Antibiotics,,,,
Rifampicin,4ugml,13292-46-3,1&2,Rifampicin.4ugml,Rifampicin (4 µg/mL),Rifamycin antibiotic (bactericidal),RNA polymerase _-subunit inhibitor,Transcription (RNA synthesis),RNA polymerase (RpoB subunit),Rifamycin,Antibiotics,,,,
Rifampicin,8ugml,13292-46-4,1&2,Rifampicin.8ugml,Rifampicin (8 µg/mL),Rifamycin antibiotic (bactericidal),RNA polymerase _-subunit inhibitor,Transcription (RNA synthesis),RNA polymerase (RpoB subunit),Rifamycin,Antibiotics,,,,
SDS (Sodium dodecyl sulfate),0.05_%(w/v),151-21-3,1&2,SDS.05,SDS (Sodium dodecyl sulfate) (0.05% w/v),Ionic detergent,Solubilizes membranes and denatures proteins,Cell membrane,Phospholipid bilayer disruption,Anionic surfactant,Chemical stress,,,,
SDS (Sodium dodecyl sulfate),1_%(w/v),151-21-3,1&2,SDS.1,SDS (Sodium dodecyl sulfate) (1% w/v),Ionic detergent,Solubilizes membranes and denatures proteins,Cell membrane,Phospholipid bilayer disruption,Anionic surfactant,Chemical stress,,,,
SDS (Sodium dodecyl sulfate),2_%(w/v),151-21-3,1&2,SDS.2,SDS (Sodium dodecyl sulfate) (2% w/v),Ionic detergent,Solubilizes membranes and denatures proteins,Cell membrane,Phospholipid bilayer disruption,Anionic surfactant,Chemical stress,,,,
SDS (Sodium dodecyl sulfate),4_%(w/v),151-21-3,1&2,SDS.4,SDS (Sodium dodecyl sulfate) (4% w/v),Ionic detergent,Solubilizes membranes and denatures proteins,Cell membrane,Phospholipid bilayer disruption,Anionic surfactant,Chemical stress,,,,
Serine,0.4_%(w/v),56-45-1,Minimal media,Serine.,Serine (0.4% w/v),Nutrient (amino acid),Utilised as carbon and nitrogen source; can modulate metabolism and stress responses,Central metabolism,Serine dehydratase / amino acid metabolic pathways,Amino acid,Carbon source utilisation,Y,,,
Sorbitol,0.4_%(w/v) ,50-70-4,Minimal media,Sorbitol.,Sorbitol (0.4% w/v),Sugar alcohol (osmotic agent),Osmotic pressure (osmoprotection),Osmoregulation,Osmoprotectant uptake systems,Sugar alcohol,Carbon source utilisation,Y,,,
Sucrose,0.4_%(w/v) ,57-50-1,Minimal media,Sucrose.,Sucrose (0.4% w/v),Osmolyte/carbon source,Alters osmotic pressure or serves as carbon source; no inhibitory target,Osmotic balance / metabolism,Osmoregulation pathways,Disaccharide (carbohydrate),Carbon source utilisation,Y,,,
Temperature,N/A,N/A,1&2,Temp.20,Temperature,Physical stress (cold stress),Reduced enzyme kinetics; altered membrane fluidity; slowed growth,Global physiology,"Protein folding, membrane fluidity, transcriptional regulation",Physical condition,Environmental stress,,,,
Tetracycline,2ugml,60-54-8,1&2,Tetracycline.2ugml,Tetracycline (2 µg/mL),Protein synthesis inhibitor (bacteriostatic),"Binds 30S ribosomal subunit, blocking aminoacyl-tRNA binding to A site",Ribosome,"30S subunit (16S rRNA, A site)",Tetracycline antibiotic,Antibiotics,,,,
Tigecycline,0.5ugml,1229002-07-6,1&2,Tigecycline.05ugml,Tigecycline (0.5 µg/mL),Glycylcycline,Protein synthesis inhibition,Ribosome,30S ribosome,Tetracycline derivative,Antibiotics,,,,
Tigecycline,1ugml,1229002-07-6,1&2,Tigecycline.1ugml,Tigecycline (1 µg/mL),Glycylcycline,Protein synthesis inhibition,Ribosome,30S ribosome,Tetracycline derivative,Antibiotics,,,,
Tigecycline,2ugml,1229002-07-6,3,Tigecycline.2ugml,Tigecycline (2 µg/mL),Glycylcycline,Protein synthesis inhibition,Ribosome,30S ribosome,Tetracycline derivative,Antibiotics,,,,
Tigecycline,4ugml,1229002-07-6,3,Tigecycline.4ugml,Tigecycline (4 µg/mL),Glycylcycline,Protein synthesis inhibition,Ribosome,30S ribosome,Tetracycline derivative,Antibiotics,,,,
TigecyclinepH5,4ugml,N/A,3,TigecyclinepH5.4ugml,Tigecycline (pH 5) (4 µg/mL),Protein synthesis inhibitor + acid stress,30S ribosome inhibition combined with low-pH stress affecting uptake and activity,Ribosome & pH homeostasis,30S subunit (tigecycline); intracellular pH regulation,Glycylcycline + acidic condition,Stress combination,,,,
Trehalose,0.4_%(w/v),6138-23-4,Minimal media,Trehalose.,Trehalose (0.4% w/v),Osmolyte/carbon source,Stabilizes proteins/membranes; no inhibitory target,Osmotic balance / metabolism,Osmoregulation pathways,Disaccharide,Carbon source utilisation,Y,,,
Trimethoprim,0.5ugml,738-70-5,1&2,Trimethoprim.05ugml,Trimethoprim (0.5 µg/mL),Inhibits folate synthesis (bacteriostatic),"Inhibits dihydrofolate reductase (DHFR), blocking tetrahydrofolate production",Folate biosynthesis,Dihydrofolate reductase,Diaminopyrimidine antibiotic,Antibiotics,,,,
Trimethoprim,1ugml,738-70-5,1&2,Trimethoprim.1ugml,Trimethoprim (1 µg/mL),Inhibits folate synthesis (bacteriostatic),"Inhibits dihydrofolate reductase (DHFR), blocking tetrahydrofolate production",Folate biosynthesis,Dihydrofolate reductase,Diaminopyrimidine antibiotic,Antibiotics,,,,
Trimethoprim,2ugml,738-70-5,1&2,Trimethoprim.2ugml,Trimethoprim (2 µg/mL),Inhibits folate synthesis (bacteriostatic),"Inhibits dihydrofolate reductase (DHFR), blocking tetrahydrofolate production",Folate biosynthesis,Dihydrofolate reductase,Diaminopyrimidine antibiotic,Antibiotics,,,,
Trimethoprim,4ugml,738-70-5,1&2,Trimethoprim.4ugml,Trimethoprim (4 µg/mL),Inhibits folate synthesis (bacteriostatic),"Inhibits dihydrofolate reductase (DHFR), blocking tetrahydrofolate production",Folate biosynthesis,Dihydrofolate reductase,Diaminopyrimidine antibiotic,Antibiotics,,,,
TritonX,0.4_%(w/v),9002-93-1,Minimal media,TritonX.2,Triton X (0.4% w/v),Detergent / membrane permeabilizer,Nonionic surfactant that solubilizes membrane lipids; no defined molecular target,Cell membrane,Membrane lipids,Nonionic surfactant,Envelope stress,,,,
Tween20,15_%(w/v),9005-64-5,1&2,Tween20.15,Tween 20 (15% w/v),Detergent / surfactant,Nonionic surfactant; can affect membrane permeability; no defined target,Cell membrane,Membrane lipids,Nonionic surfactant,Envelope stress,,,,
Tween20,25_%(w/v),9005-64-5,1&2,Tween20.25,Tween 20 (25% w/v),Detergent / surfactant,Nonionic surfactant; can affect membrane permeability; no defined target,Cell membrane,Membrane lipids,Nonionic surfactant,Envelope stress,,,,
Tween80,0.8_%(w/v),9005-65-6,1&2,Tween80.08,Tween 80 (0.8% w/v),Detergent / surfactant,Nonionic surfactant; can affect membrane permeability; no defined target,Cell membrane,Membrane lipids,Nonionic surfactant,Envelope stress,,,,
Tween80,15_%(w/v),9005-65-6,1&2,Tween80.15,Tween 80 (15% w/v),Detergent / surfactant,Nonionic surfactant; can affect membrane permeability; no defined target,Cell membrane,Membrane lipids,Nonionic surfactant,Envelope stress,,,,
Tween80,25_%(w/v),9005-65-6,1&2,Tween80.25,Tween 80 (25% w/v),Detergent / surfactant,Nonionic surfactant; can affect membrane permeability; no defined target,Cell membrane,Membrane lipids,Nonionic surfactant,Envelope stress,,,,
Urine,5_%(w/v),9039-53-6,1&2,Urine.5.,Urine (5% w/v),Physiological fluid (growth medium),"Provides urea, salts, and nutrients",Nitrogen metabolism (urea),Urease (urea _ ammonia),Biological fluid,Carbon source utilisation,Y,,,
UV,N/A,N/A,1&2,UV.6s,UV,Physical stress (radiation),DNA damage (pyrimidine dimers),DNA (genome integrity),Thymine dimer formation; SOS response,Radiation,Environmental stress,,,,
Vancomycin,25ugml,123409-00-7,1&2,Vancomycin.25ugml,Vancomycin (25 µg/mL),Glycopeptide antibiotic,Bactericidal (limited in Gram-negatives),Cell wall synthesis,D-Ala-D-Ala binding,Glycopeptide,Antibiotics,,,,
Vancomycin,50ugml,123409-00-7,1&2,Vancomycin.50ugml,Vancomycin (50 µg/mL),Glycopeptide antibiotic,Bactericidal (limited in Gram-negatives),Cell wall synthesis,D-Ala-D-Ala binding,Glycopeptide,Antibiotics,,,,
Ceftazidime,0.5ugml,120618-65-7,1,Ceftazidime.05ugml,Ceftazidime (0.5 µg/mL),_-Lactam antibiotic (cephalosporin),Cell wall synthesis inhibitor,Peptidoglycan (cell wall),Penicillin-binding proteins (PBPs),"_-Lactam (cephalosporin, 3rd gen)",Antibiotics,,,,
Chlorhexidine,5ugml,56-95-1 ,1,Chlorhexidine.5ugml,Chlorhexidine (5 µg/mL),Disrupts bacterial membranes (bactericidal),Damages cell membranes causing leakage of contents,Cell membrane,Membrane lipids/proteins (non-specific),Biguanide antiseptic,Antiseptic,,,,
Chlorhexidine,8ugml,56-95-1 ,1,Chlorhexidine.8ugml,Chlorhexidine (8 µg/mL),Disrupts bacterial membranes (bactericidal),Damages cell membranes causing leakage of contents,Cell membrane,Membrane lipids/proteins (non-specific),Biguanide antiseptic,Antiseptic,,,,
Iron chloride,8ugml,7758-94-3,1,Iron.chloride.8ugml,Iron chloride (8 µg/mL),Metal ion stress / iron supplementation,Excess iron promotes oxidative stress or alters iron-regulated gene expression,Metal homeostasis,Iron-dependent enzymes; Fur-regulated systems,Inorganic salt (iron salt),Metal stress,,,,
Iron chloride,16ugml,7758-94-3,1,Iron.chloride.16ugml,Iron chloride (16 µg/mL),Metal ion stress / iron supplementation,Excess iron promotes oxidative stress or alters iron-regulated gene expression,Metal homeostasis,Iron-dependent enzymes; Fur-regulated systems,Inorganic salt (iron salt),Metal stress,,,,
LB (Luria broth) ,,,1&2&3&4,,LB (Luria-Bertani broth),Complex growth medium,Nutrient-rich environment for growth,Cellular growth,"N/A (general nutrients, salts)",Bacterial growth medium,Base,,,,
Magnesium sulfate,10ugml,7487-88-9,1,Magnesium.sulfate.10ugml,Magnesium sulfate (10 µg/mL),Ionic stress / membrane stabilisation,Mg__ stabilises LPS and ribosomes; excess alters ionic balance,Cell envelope & ribosome,LPS Mg__ bridges; ribosomal RNA,Inorganic salt,Metal stress,,,,
Magnesium sulfate,25ugml,7487-88-9,1,Magnesium.sulfate.25ugml,Magnesium sulfate (25 µg/mL),Ionic stress / membrane stabilisation,Mg__ stabilises LPS and ribosomes; excess alters ionic balance,Cell envelope & ribosome,LPS Mg__ bridges; ribosomal RNA,Inorganic salt,Metal stress,,,,
Magnesium sulfate,50ugml,7487-88-9,1,Magnesium.sulfate.50ugml,Magnesium sulfate (50 µg/mL),Ionic stress / membrane stabilisation,Mg__ stabilises LPS and ribosomes; excess alters ionic balance,Cell envelope & ribosome,LPS Mg__ bridges; ribosomal RNA,Inorganic salt,Metal stress,,,,
Meropenem,0.03ugml,119478-56-7,1,Meropenem.003ugml,Meropenem (0.03 µg/mL),_-Lactam antibiotic (carbapenem),Cell wall synthesis inhibitor,Peptidoglycan (cell wall),Penicillin-binding proteins (PBPs),_-Lactam (carbapenem),Antibiotics,,,,
Meropenem,0.15ugml,119478-56-7,1,Meropenem.015ugml,Meropenem (0.15 µg/mL),_-Lactam antibiotic (carbapenem),Cell wall synthesis inhibitor,Peptidoglycan (cell wall),Penicillin-binding proteins (PBPs),_-Lactam (carbapenem),Antibiotics,,,,
Silver nitrate,1ugml,7761-88-8,1,Silver.nitrate.1ugml,Silver nitrate (1 µg/mL),Heavy-metal antimicrobial (bactericidal),"Ag_ binds thiol groups, disrupts membranes, proteins, and DNA",Multiple cellular components,Protein thiol groups; membrane integrity; DNA,Heavy-metal salt,Chemical stress,,,,
Silver nitrate,17ugml,7761-88-8,1,Silver.nitrate.17ugml,Silver nitrate (17 µg/mL),Heavy-metal antimicrobial (bactericidal),"Ag_ binds thiol groups, disrupts membranes, proteins, and DNA",Multiple cellular components,Protein thiol groups; membrane integrity; DNA,Heavy-metal salt,Chemical stress,,,,
Sodium fluoride,128ugml,7681-49-4,1,Sodium.fluoride.128ugml,Sodium fluoride (128 µg/mL),Metabolic inhibitor,"Inhibits enolase (glycolysis), reducing ATP production",Central metabolism (glycolysis),Enolase,Inorganic salt (fluoride),Chemical stress,,,,
Sodium fluoride,256ugml,7681-49-4,1,Sodium.fluoride.256ugml,Sodium fluoride (256 µg/mL),Metabolic inhibitor,"Inhibits enolase (glycolysis), reducing ATP production",Central metabolism (glycolysis),Enolase,Inorganic salt (fluoride),Chemical stress,,,,
Ethanol,2_%(w/v),64-17-5,2,Ethanol.2.,Ethanol (2% w/v),Solvent stress / disinfectant,Protein denaturation and membrane fluidisation,Cell membrane & proteins,Membrane lipids; protein tertiary structure,Alcohol,Antiseptic,,,,
High salt,4_%(w/v),7647-14-5,2,Highsalt.,High salt (4% w/v),Osmotic stress,"Water efflux, reduced turgor pressure, activation of osmoadaptation systems",Cell envelope & osmoregulation,Osmoprotectant transport systems (e.g. ProU),Osmotic condition,Carbon source utilisation,,,,
Quercertin,128ugml,117-39-5,2,Quercertin.128ugml,Quercetin (128 µg/mL),Polyphenolic stress / antimicrobial,Disrupts membranes and inhibits enzymes; induces oxidative stress (no single defined target in K. pneumoniae),Membrane & metabolism,"Multiple (membrane lipids, enzymes)",Flavonoid (polyphenol),Chemical stress,,,,
Quercertin,256ugml,117-39-5,2,Quercertin.256ugml,Quercetin (256 µg/mL),Polyphenolic stress / antimicrobial,Disrupts membranes and inhibits enzymes; induces oxidative stress (no single defined target in K. pneumoniae),Membrane & metabolism,"Multiple (membrane lipids, enzymes)",Flavonoid (polyphenol),Chemical stress,,,,
Sodium bicarbonate,12ugml,144-55-8,2,Sodium.bicarbonate.12ugml,Sodium bicarbonate (12 µg/mL),Buffer/alkalinizing agent,Raises environmental pH; no specific antimicrobial target,Environmental pH,Unknown,Inorganic salt (carbonate),Environmental stress,,,,
Sodium bicarbonate,21ugml,144-55-8,2,Sodium.bicarbonate.21ugml,Sodium bicarbonate (21 µg/mL),Buffer/alkalinizing agent,Raises environmental pH; no specific antimicrobial target,Environmental pH,Unknown,Inorganic salt (carbonate),Environmental stress,,,,
Sodium nitrate,6ugml,7631-99-4,2,Sodium.nitrate.6ugml,Sodium nitrate (6 µg/mL),Alternative electron acceptor (anaerobic metabolism),Supports nitrate respiration; no inhibitory target,Respiration / electron transport,Nitrate reductase pathways,Inorganic salt (nitrate),Environmental stress,,,,
Sodium nitrate,8ugml,7631-99-4,2,Sodium.nitrate.8ugml,Sodium nitrate (8 µg/mL),Alternative electron acceptor (anaerobic metabolism),Supports nitrate respiration; no inhibitory target,Respiration / electron transport,Nitrate reductase pathways,Inorganic salt (nitrate),Environmental stress,,,,
Gentamicin,0.2ugml,1405-41-0,3,Gentamicin.02ugml,Gentamicin (0.2 µg/mL),Protein synthesis inhibitor (bactericidal),Binds 30S ribosomal subunit causing mistranslation and protein truncation,Ribosome,16S rRNA (30S decoding center),Aminoglycoside antibiotic,Antibiotics,,,,
Gentamicin,0.5ugml,1405-41-0,3,Gentamicin.05ugml,Gentamicin (0.5 µg/mL),Protein synthesis inhibitor (bactericidal),Binds 30S ribosomal subunit causing mistranslation and protein truncation,Ribosome,16S rRNA (30S decoding center),Aminoglycoside antibiotic,Antibiotics,,,,
Iron chloride,2.5ugml,7758-94-3,3,Iron.chloride.2.5ugml,Iron chloride (2.5 µg/mL),Metal ion stress / iron supplementation,Excess iron promotes oxidative stress or alters iron-regulated gene expression,Metal homeostasis,Iron-dependent enzymes; Fur-regulated systems,Inorganic salt (iron salt),Metal stress,,,,
Sucrose,31ugml,57-50-1,3,Sucrose.31ugml,Sucrose (31 µg/mL),Osmolyte/carbon source,Alters osmotic pressure or serves as carbon source; no inhibitory target,Osmotic balance / metabolism,Osmoregulation pathways,Disaccharide (carbohydrate),Carbon source utilisation,Y,,,
Sucrose,63ugml,57-50-1,3,Sucrose.63ugml,Sucrose (63 µg/mL),Osmolyte/carbon source,Alters osmotic pressure or serves as carbon source; no inhibitory target,Osmotic balance / metabolism,Osmoregulation pathways,Disaccharide (carbohydrate),Carbon source utilisation,Y,,,
Urea,3mgml,57-13-6,3,Urea.3mgml,Urea (3 mg/mL),Chaotrope / protein denaturant,High urea denatures proteins; general stress,Proteins,Protein folding,Organic chaotrope (urea),Carbon source utilisation,Y,,,
Urea,6mgml,57-13-6,3,Urea.6mgml,Urea (6 mg/mL),Chaotrope / protein denaturant,High urea denatures proteins; general stress,Proteins,Protein folding,Organic chaotrope (urea),Carbon source utilisation,Y,,,
Zinc sulfate,80ugml,7733-02-0,3,Zinc.sulfate.80ugml,Zinc sulfate (80 µg/mL),Heavy metal stress (zinc),Protein/DNA-binding enzyme inhibition,Metalloproteins,Zn__-sensitive enzymes; ribosomal proteins,Metal salt,Metal stress,,,,
Alanine,4_%(w/v),56-41-7,4,Alanine.,Alanine (4% w/v),Nutrient (amino acid),Carbon/nitrogen source; feeds into central metabolism,Central metabolism,Alanine dehydrogenase / transaminases,Amino acid,Carbon source utilisation,Y,,,
Glucose,4_%(w/v),50-99-7,4,Glucose.,Glucose (4% w/v),Nutrient (carbon source),Primary fermentable sugar driving glycolysis and energy production,Central metabolism,Glycolysis and PTS transport system,Monosaccharide,Carbon source utilisation,Y,,,
Phenylalanine,4_%(w/v),63-91-2,4,Phenylalanine.,Phenylalanine (4% w/v),Nutrient (aromatic amino acid),Incorporated into protein synthesis; affects metabolic balance,Protein synthesis & metabolism,Amino acid biosynthesis and tRNA charging,Amino acid,Carbon source utilisation,Y,,,
Proline,4_%(w/v),147-85-3,4,Proline.,Proline (4% w/v),Osmoprotectant & nutrient,Acts as osmoprotectant and carbon/nitrogen source,Osmoregulation & metabolism,Proline transporters (PutP) and proline dehydrogenase,Amino acid,Carbon source utilisation,Y,,,
Uridine,4_%(w/v),58-96-8,4,Uridine.,Uridine (4% w/v),Nutrient (nucleoside),Used in nucleotide salvage/biosynthesis; no inhibitory target,Nucleic acid metabolism,Nucleotide salvage pathways,Nucleoside (pyrimidine),Carbon source utilisation,Y,,,
Glycolic acid,100ugml,79-14-1,5,Glycolicacid.100ugml,Glycolic acid (100 µg/mL),Organic acid / membrane-perturbing stress,Low-molecular-weight acid altering surface charge and membrane permeability,Cell envelope and pH homeostasis,Outer-membrane and periplasmic components sensitive to acidĐbase balance,Organic acid,Chemical stress,,,,
Glycolic acid,300ugml,79-14-1,5,Glycolicacid.300ugml,Glycolic acid (300 µg/mL),Organic acid / membrane-perturbing stress,Low-molecular-weight acid altering surface charge and membrane permeability,Cell envelope and pH homeostasis,Outer-membrane and periplasmic components sensitive to acidĐbase balance,Organic acid,Chemical stress,,,,
Minocycline,0.5ugml,10118_90_8,5,Minocycline.05ugml,Minocycline (0.5 µg/mL),Protein synthesis inhibitor (bacteriostatic),Binds 30S ribosomal subunit blocking aminoacyl-tRNA binding,Ribosome,30S ribosomal subunit A-site,Tetracycline antibiotic,Antibiotics,,,,
Protamine,100ugml,9009_65_8,5,Protamine.100ugml,Protamine (100 µg/mL),Cationic antimicrobial peptide,"Electrostatic binding to negatively charged cell surface, causing membrane permeabilisation",Cell envelope,Anionic lipopolysaccharide and phospholipids in outer and inner membranes,Polypeptide (antimicrobial),Chemical stress,,,,
Protamine,250ugml,9009_65_8,5,Protamine.250ugml,Protamine (250 µg/mL),Cationic antimicrobial peptide,"Electrostatic binding to negatively charged cell surface, causing membrane permeabilisation",Cell envelope,Anionic lipopolysaccharide and phospholipids in outer and inner membranes,Polypeptide (antimicrobial),Chemical stress,,,,
Sodium Taurocholate,2mgml,145_42_6,5,,Sodium taurocholate (2 mg/mL),Bile salt / membrane stressor,Detergent-like disruption of membrane integrity and bile-salt signaling,Cell envelope and bile-salt resistance systems,Outer-membrane lipids and efflux/regulatory systems responding to bile salts,Bile acid salt,Chemical stress,,,,
Sodium Taurocholate,5mgml,145_42_6,5,,Sodium taurocholate (5 mg/mL),Bile salt / membrane stressor,Detergent-like disruption of membrane integrity and bile-salt signaling,Cell envelope and bile-salt resistance systems,Outer-membrane lipids and efflux/regulatory systems responding to bile salts,Bile acid salt,Chemical stress,,,,
Sodium Taurocholate,10mgml,145_42_6,5,,Sodium taurocholate (10 mg/mL),Bile salt / membrane stressor,Detergent-like disruption of membrane integrity and bile-salt signaling,Cell envelope and bile-salt resistance systems,Outer-membrane lipids and efflux/regulatory systems responding to bile salts,Bile acid salt,Chemical stress,,,,
Cephalexin,1ugml,23325_78_2,5,Cephalexin.1ugml,Cephalexin (1 µg/mL),_-Lactam antibiotic (cephalosporin),Cell wall synthesis inhibitor,Peptidoglycan (cell wall),Penicillin-binding proteins (PBPs) involved in transpeptidation,"_-Lactam (cephalosporin, 1st gen)",Antibiotics,,,,
Cephalexin,2ugml,23325_78_2,5,Cephalexin.2ugml,Cephalexin (2 µg/mL),_-Lactam antibiotic (cephalosporin),Cell wall synthesis inhibitor,Peptidoglycan (cell wall),Penicillin-binding proteins (PBPs) involved in transpeptidation,"_-Lactam (cephalosporin, 1st gen)",Antibiotics,,,,
Polymixin B,1ugml,1404_26_8 ,5,Within batch 5 folder (additional set 3),Polymyxin B (0.5 µg/mL),Polymyxin (membrane-active antibiotic),Cationic lipopeptide causing outer-membrane permeabilisation and cell lysis,Cell envelope (outer membrane),Lipid A region of lipopolysaccharide (LPS) in outer membrane,Polymyxin,Antibiotics,,,,
Polymixin B,0.5ugml,1404_26_8 ,5,Within batch 5 folder (additional set 3),Polymyxin B (1 µg/mL),Polymyxin (membrane-active antibiotic),Cationic lipopeptide causing outer-membrane permeabilisation and cell lysis,Cell envelope (outer membrane),Lipid A region of lipopolysaccharide (LPS) in outer membrane,Polymyxin,Antibiotics,,,,
Cefotaxime,0.5ugml,64485_93_4,5,Cefotaxime.05ugml,Cefotaxime (0.25 µg/mL),_-Lactam antibiotic (cephalosporin),Bactericidal inhibition of peptidoglycan cross-linking,Cell wall synthesis machinery,"Penicillin-binding proteins (PBPs), especially PBP3, in Gram-negative bacteria","_-Lactam (cephalosporin, 3rd gen)",Antibiotics,,,,
Cefotaxime,0.25ugml,64485_93_4,5,Cefotaxime.025ugml,Cefotaxime (0.5 µg/mL),_-Lactam antibiotic (cephalosporin),Bactericidal inhibition of peptidoglycan cross-linking,Cell wall synthesis machinery,"Penicillin-binding proteins (PBPs), especially PBP3, in Gram-negative bacteria","_-Lactam (cephalosporin, 3rd gen)",Antibiotics,,,,
Vanillin,250ugml,121_33_5,5,Vanillin.250ugml,Vanillin (250 µg/mL),Phenolic antimicrobial / membrane stressor,Perturbation of membrane integrity and interference with energy metabolism,Cell envelope and respiratory functions,Cytoplasmic membrane lipids and associated proton-motive-forceĐdependent processes,Aromatic phenol,Chemical stress,,,,
Magnesium chloride,47mgml,7786_30_3,5,Within batch 5 folder (additional set 3),Magnesium chloride (47 mg/mL),Ionic stress / membrane modulator (divalent cation),Divalent cation affecting membrane stability and charge shielding at outer membrane,Outer membrane and ion-homeostasis systems,Lipopolysaccharide phosphate groups and Mg__ transport/regulatory systems,Inorganic salt (metal salt),Metal stress,,,,
Triethylamine,5mgml,121_44_8,5,Triethylamine.5mgml,Triethylamine (5 mg/mL),Organic base / alkaline pH stress,Raises environmental pH and perturbs proton motive force,pH homeostasis and cell envelope,Proton-gradientĐdependent processes and periplasmic components sensitive to alkaline shift,Aliphatic amine,Chemical stress,,,,
Triethylamine,16mgml,121_44_8,5,Triethylamine.16mgml,Triethylamine (16 mg/mL),Organic base / alkaline pH stress,Raises environmental pH and perturbs proton motive force,pH homeostasis and cell envelope,Proton-gradientĐdependent processes and periplasmic components sensitive to alkaline shift,Aliphatic amine,Chemical stress,,,,
Triethylamine,32mgml,121_44_8,5,Triethylamine.32mgml,Triethylamine (32 mg/mL),Organic base / alkaline pH stress,Raises environmental pH and perturbs proton motive force,pH homeostasis and cell envelope,Proton-gradientĐdependent processes and periplasmic components sensitive to alkaline shift,Aliphatic amine,Chemical stress,,,,
Verapamil,5ugml,52_53_9,5,Verapamil.5ugml,Verapamil (5 µg/mL),Efflux-pump inhibitor / calcium channel blocker,Inhibition of multidrug efflux activity and alteration of membrane potential,Drug efflux systems and membrane energetics,Multidrug efflux pumps (e.g. AcrAB-TolC) and proton-motive-forceĐlinked transport,Phenylalkylamine,Chemical stress,,,,
Verapamil,15ugml,52_53_9,5,Verapamil.15ugml,Verapamil (15 µg/mL),Efflux-pump inhibitor / calcium channel blocker,Inhibition of multidrug efflux activity and alteration of membrane potential,Drug efflux systems and membrane energetics,Multidrug efflux pumps (e.g. AcrAB-TolC) and proton-motive-forceĐlinked transport,Phenylalkylamine,Chemical stress,,,,
Verapamil,25ugml,52_53_9,5,Verapamil.25ugml,Verapamil (25 µg/mL),Efflux-pump inhibitor / calcium channel blocker,Inhibition of multidrug efflux activity and alteration of membrane potential,Drug efflux systems and membrane energetics,Multidrug efflux pumps (e.g. AcrAB-TolC) and proton-motive-forceĐlinked transport,Phenylalkylamine,Chemical stress,,,,
Tazobactam,0.03ugml,89786-04-9,5,Tazobactam.003ugml,Tazobactam (0.03 µg/mL),_-Lactamase inhibitor (antibiotic adjuvant),Irreversible inhibition of serine _-lactamases,_-Lactamase enzymes,"Class A/C _-lactamases (e.g. TEM, SHV, CTX-M) that hydrolyse _-lactam antibiotics",_-Lactamase inhibitor,Antibiotics,,,,
Tazobactam,0.06ugml,89786-04-9,5,Tazobactam.006ugml,Tazobactam (0.06 µg/mL),_-Lactamase inhibitor (antibiotic adjuvant),Irreversible inhibition of serine _-lactamases,_-Lactamase enzymes,"Class A/C _-lactamases (e.g. TEM, SHV, CTX-M) that hydrolyse _-lactam antibiotics",_-Lactamase inhibitor,Antibiotics,,,,