Protein identifier	Contig id	Start	Stop	Strand	Gene symbol	Sequence name	Scope	Element type	Element subtype	Class	Subclass	Method	Target length	Reference sequence length	% Coverage of reference sequence	% Identity to reference sequence	Alignment length	Accession of closest sequence	Name of closest sequence	HMM id	HMM description
NA	aac3IIg~~~aac3IId~~~aac3IIe	1	858	+	aac(3)-IId	aminoglycoside N-acetyltransferase AAC(3)-IId	core	AMR	AMR	AMINOGLYCOSIDE	GENTAMICIN	EXACTX	286	286	100.00	100.00	286	WP_000557454.1	aminoglycoside N-acetyltransferase AAC(3)-IId	NA	NA
NA	aac3VIa	4	900	+	aac(3)-VIa	aminoglycoside N-acetyltransferase AAC(3)-VIa	core	AMR	AMR	AMINOGLYCOSIDE	GENTAMICIN	EXACTX	299	299	100.00	100.00	299	WP_000131886.1	aminoglycoside N-acetyltransferase AAC(3)-VIa	NA	NA
NA	aac6IIc~~~aac6Ib	52	603	+	aac(6')-Ib	AAC(6')-Ib family aminoglycoside 6'-N-acetyltransferase	core	AMR	AMR	AMINOGLYCOSIDE	AMIKACIN/KANAMYCIN/TOBRAMYCIN	EXACTX	184	184	100.00	100.00	184	WP_063840280.1	AAC(6')-Ib family aminoglycoside 6'-N-acetyltransferase	NA	NA
NA	aadA13~~~aadA16~~~aadA1~~~aadA25	1	843	+	aadA16	ANT(3'')-Ia family aminoglycoside nucleotidyltransferase AadA16	core	AMR	AMR	AMINOGLYCOSIDE	STREPTOMYCIN	EXACTX	281	281	100.00	100.00	281	WP_001749984.1	ANT(3'')-Ia family aminoglycoside nucleotidyltransferase AadA16	NA	NA
NA	aadA3~~~aadA2~~~aadA8	1	777	+	aadA2	ANT(3'')-Ia family aminoglycoside nucleotidyltransferase AadA2	core	AMR	AMR	AMINOGLYCOSIDE	STREPTOMYCIN	BLASTX	259	263	98.48	99.61	259	WP_071846198.1	ANT(3'')-Ia family aminoglycoside nucleotidyltransferase AadA2	NA	NA
NA	aadA5	151	936	+	aadA5	ANT(3'')-Ia family aminoglycoside nucleotidyltransferase AadA5	core	AMR	AMR	AMINOGLYCOSIDE	STREPTOMYCIN	EXACTX	262	262	100.00	100.00	262	WP_000503573.1	ANT(3'')-Ia family aminoglycoside nucleotidyltransferase AadA5	NA	NA
NA	aadB	115	645	+	ant(2'')-Ia	aminoglycoside nucleotidyltransferase ANT(2'')-Ia	core	AMR	AMR	AMINOGLYCOSIDE	GENTAMICIN/KANAMYCIN/TOBRAMYCIN	EXACTX	177	177	100.00	100.00	177	WP_000381802.1	aminoglycoside nucleotidyltransferase ANT(2'')-Ia	NA	NA
NA	aph3Ia	1	813	+	aph(3')-Ia	aminoglycoside O-phosphotransferase APH(3')-Ia	core	AMR	AMR	AMINOGLYCOSIDE	KANAMYCIN	EXACTX	271	271	100.00	100.00	271	WP_000018329.1	aminoglycoside O-phosphotransferase APH(3')-Ia	NA	NA
NA	aph3Ib	1	801	+	aph(3'')-Ib	aminoglycoside O-phosphotransferase APH(3'')-Ib	core	AMR	AMR	AMINOGLYCOSIDE	STREPTOMYCIN	BLASTX	267	267	100.00	99.63	267	WP_001082319.1	aminoglycoside O-phosphotransferase APH(3'')-Ib	NA	NA
NA	aph3VI	1	777	+	aph(3')-VI	APH(3')-VI family aminoglycoside O-phosphotransferase	core	AMR	AMR	AMINOGLYCOSIDE	AMIKACIN/KANAMYCIN	EXACTX	259	259	100.00	100.00	259	WP_014386410.1	APH(3')-VI family aminoglycoside O-phosphotransferase	NA	NA
NA	aph3VIb	1	777	+	aph(3')-VIb	aminoglycoside O-phosphotransferase APH(3')-VIb	core	AMR	AMR	AMINOGLYCOSIDE	AMIKACIN/KANAMYCIN	BLASTX	259	259	100.00	98.84	259	WP_000422633.1	aminoglycoside O-phosphotransferase APH(3')-VIb	NA	NA
NA	aph6Id~~~rapA	1	834	+	aph(6)-Id	aminoglycoside O-phosphotransferase APH(6)-Id	core	AMR	AMR	AMINOGLYCOSIDE	STREPTOMYCIN	EXACTX	278	278	100.00	100.00	278	WP_000480972.1	aminoglycoside O-phosphotransferase APH(6)-Id	NA	NA
NA	armA	1	771	+	armA	16S rRNA (guanine(1405)-N(7))-methyltransferase ArmA	core	AMR	AMR	AMINOGLYCOSIDE	GENTAMICIN	BLASTX	257	257	100.00	99.61	257	WP_000359986.1	16S rRNA (guanine(1405)-N(7))-methyltransferase ArmA	NA	NA
NA	arr	1	411	+	arr	NAD(+)--rifampin ADP-ribosyltransferase	core	AMR	AMR	RIFAMYCIN	RIFAMYCIN	EXACTX	137	137	100.00	100.00	137	WP_012695486.1	NAD(+)--rifampin ADP-ribosyltransferase	NA	NA
NA	arr~~~arr2	244	693	+	arr-2	NAD(+)--rifampin ADP-ribosyltransferase Arr-2	core	AMR	AMR	RIFAMYCIN	RIFAMYCIN	ALLELEX	150	150	100.00	100.00	150	WP_000237816.1	NAD(+)--rifampin ADP-ribosyltransferase Arr-2	NA	NA
NA	arsA	1	1749	+	arsA	arsenite efflux transporter ATPase subunit ArsA	plus	STRESS	METAL	ARSENIC	ARSENITE	BLASTX	583	583	100.00	94.00	583	AAB09626.1	arsenite efflux transporter ATPase subunit ArsA	NA	NA
NA	arsD	1	360	+	arsD	arsenite efflux transporter metallochaperone ArsD	plus	STRESS	METAL	ARSENIC	ARSENITE	BLASTX	120	120	100.00	93.33	120	AAB09625.1	arsenite efflux transporter metallochaperone ArsD	NA	NA
NA	basS~~~pmrB	1	1143	+	pmrB_R256G	Klebsiella pneumoniae colistin resistant PmrB	core	AMR	POINT	COLISTIN	COLISTIN	POINTX	381	365	100.00	95.28	381	WP_004179093.1	two-component system sensor histidine kinase PmrB	NA	NA
NA	blaCMY2	1	1143	+	blaCMY-2	extended-spectrum class C beta-lactamase CMY-2	core	AMR	AMR	BETA-LACTAM	CEPHALOSPORIN	ALLELEX	381	381	100.00	100.00	381	WP_000976514.1	extended-spectrum class C beta-lactamase CMY-2	NA	NA
NA	blaCTXM14	1	873	+	blaCTX-M-14	extended-spectrum class A beta-lactamase CTX-M-14	core	AMR	AMR	BETA-LACTAM	CEPHALOSPORIN	ALLELEX	291	291	100.00	100.00	291	WP_001617865.1	extended-spectrum class A beta-lactamase CTX-M-14	NA	NA
NA	blaCTXM~~~blaCTXM15	1	873	+	blaCTX-M-15	extended-spectrum class A beta-lactamase CTX-M-15	core	AMR	AMR	BETA-LACTAM	CEPHALOSPORIN	ALLELEX	291	291	100.00	100.00	291	WP_000239590.1	extended-spectrum class A beta-lactamase CTX-M-15	NA	NA
NA	blaDHA1	1	1137	+	blaDHA-1	extended-spectrum class C beta-lactamase DHA-1	core	AMR	AMR	BETA-LACTAM	CEPHALOSPORIN	ALLELEX	379	379	100.00	100.00	379	WP_004236386.1	extended-spectrum class C beta-lactamase DHA-1	NA	NA
NA	blaKPC2	1	879	+	blaKPC-2	carbapenem-hydrolyzing class A beta-lactamase KPC-2	core	AMR	AMR	BETA-LACTAM	CARBAPENEM	ALLELEX	293	293	100.00	100.00	293	WP_004199234.1	carbapenem-hydrolyzing class A beta-lactamase KPC-2	NA	NA
NA	blaLAP2	1	855	+	blaLAP-2	class A beta-lactamase LAP-2	core	AMR	AMR	BETA-LACTAM	BETA-LACTAM	ALLELEX	285	285	100.00	100.00	285	WP_012477595.1	class A beta-lactamase LAP-2	NA	NA
NA	blaLEN~~~blaOKPA9~~~blaSHV~~~blaSHV187	109	966	+	blaSHV-1	broad-spectrum class A beta-lactamase SHV-1	core	AMR	AMR	BETA-LACTAM	BETA-LACTAM	ALLELEX	286	286	100.00	100.00	286	WP_001620095.1	broad-spectrum class A beta-lactamase SHV-1	NA	NA
NA	blaNDM~~~blaNDM5	1	810	+	blaNDM-5	subclass B1 metallo-beta-lactamase NDM-5	core	AMR	AMR	BETA-LACTAM	CARBAPENEM	ALLELEX	270	270	100.00	100.00	270	WP_023408309.1	subclass B1 metallo-beta-lactamase NDM-5	NA	NA
NA	blaOXA10	1	798	+	blaOXA-10	oxacillin-hydrolyzing class D beta-lactamase OXA-10	core	AMR	AMR	BETA-LACTAM	CEPHALOSPORIN	ALLELEX	266	266	100.00	100.00	266	WP_000846390.1	oxacillin-hydrolyzing class D beta-lactamase OXA-10	NA	NA
NA	blaOXA232	1	795	+	blaOXA-232	OXA-48 family carbapenem-hydrolyzing class D beta-lactamase OXA-232	core	AMR	AMR	BETA-LACTAM	CARBAPENEM	ALLELEX	265	265	100.00	100.00	265	WP_043907054.1	OXA-48 family carbapenem-hydrolyzing class D beta-lactamase OXA-232	NA	NA
NA	blaOXA~~~blaOXA1	1	828	+	blaOXA-1	oxacillin-hydrolyzing class D beta-lactamase OXA-1	core	AMR	AMR	BETA-LACTAM	CEPHALOSPORIN	ALLELEX	276	276	100.00	100.00	276	WP_001334766.1	oxacillin-hydrolyzing class D beta-lactamase OXA-1	NA	NA
NA	blaOXA~~~blaOXA9	1	822	+	blaOXA-9	oxacillin-hydrolyzing class D beta-lactamase OXA-9	core	AMR	AMR	BETA-LACTAM	BETA-LACTAM	ALLELEX	274	274	100.00	100.00	274	WP_000722315.1	oxacillin-hydrolyzing class D beta-lactamase OXA-9	NA	NA
NA	blaOXY52	1	870	+	blaOXY-5-2	extended-spectrum class A beta-lactamase OXY-5-2	core	AMR	AMR	BETA-LACTAM	CEPHALOSPORIN	ALLELEX	290	290	100.00	100.00	290	WP_009652647.1	extended-spectrum class A beta-lactamase OXY-5-2	NA	NA
NA	blaTEM1~~~blaTEM	1	858	+	blaTEM-1	broad-spectrum class A beta-lactamase TEM-1	core	AMR	AMR	BETA-LACTAM	BETA-LACTAM	ALLELEX	286	286	100.00	100.00	286	WP_000027057.1	broad-spectrum class A beta-lactamase TEM-1	NA	NA
NA	ble	1	363	+	ble	bleomycin binding protein Ble-MBL	core	AMR	AMR	BLEOMYCIN	BLEOMYCIN	EXACTX	121	121	100.00	100.00	121	WP_004201167.1	bleomycin binding protein Ble-MBL	NA	NA
NA	catA1	46	696	+	catA1	type A-1 chloramphenicol O-acetyltransferase	core	AMR	AMR	PHENICOL	CHLORAMPHENICOL	BLASTX	217	219	99.09	100.00	217	WP_000412211.1	type A-1 chloramphenicol O-acetyltransferase	NA	NA
NA	catB	1	630	+	catB	type B chloramphenicol O-acetyltransferase	core	AMR	AMR	PHENICOL	CHLORAMPHENICOL	EXACTX	210	210	100.00	100.00	210	WP_031281281.1	type B chloramphenicol O-acetyltransferase	NA	NA
NA	clpK	1	2847	+	clpK	heat shock survival AAA family ATPase ClpK	plus	STRESS	HEAT	NA	NA	BLASTX	949	949	100.00	98.74	949	ASF80763.1	heat shock survival AAA family ATPase ClpK	NA	NA
NA	cmlA1	1	1257	+	cmlA1	chloramphenicol efflux MFS transporter CmlA1	core	AMR	AMR	PHENICOL	CHLORAMPHENICOL	EXACTX	419	419	100.00	100.00	419	WP_000095725.1	chloramphenicol efflux MFS transporter CmlA1	NA	NA
NA	cusF~~~silF	1	360	+	silF	Cu(+)/Ag(+) efflux RND transporter periplasmic metallochaperone SilF	plus	STRESS	METAL	COPPER/SILVER	COPPER/SILVER	BLASTX	120	117	100.00	94.17	120	KGL71342.1	Cu(+)/Ag(+) efflux RND transporter periplasmic metallochaperone SilF	NA	NA
NA	dfrA21~~~dfrA12	1	495	+	dfrA21	trimethoprim-resistant dihydrofolate reductase DfrA21	core	AMR	AMR	TRIMETHOPRIM	TRIMETHOPRIM	EXACTX	165	165	100.00	100.00	165	WP_004187529.1	trimethoprim-resistant dihydrofolate reductase DfrA21	NA	NA
NA	dfrA~~~dfrA14~~~dfrA30~~~dfrA27~~~dfrA5	61	531	+	dfrA27	trimethoprim-resistant dihydrofolate reductase DfrA27	core	AMR	AMR	TRIMETHOPRIM	TRIMETHOPRIM	EXACTX	157	157	100.00	100.00	157	WP_001749985.1	trimethoprim-resistant dihydrofolate reductase DfrA27	NA	NA
NA	emrD	1	1182	+	emrD	multidrug efflux MFS transporter EmrD	plus	AMR	AMR	EFFLUX	EFFLUX	BLASTX	394	394	100.00	96.45	394	ACN65732.1	multidrug efflux MFS transporter EmrD	NA	NA
NA	ereA	1	1224	+	ere(A)	EreA family erythromycin esterase	core	AMR	AMR	MACROLIDE	ERYTHROMYCIN	EXACTX	408	408	100.00	100.00	408	WP_021566672.1	EreA family erythromycin esterase	NA	NA
NA	ereB	1	1257	+	ere(B)	EreB family erythromycin esterase	core	AMR	AMR	MACROLIDE	AZITHROMYCIN/ERYTHROMYCIN	EXACTX	419	419	100.00	100.00	419	WP_032488343.1	EreB family erythromycin esterase	NA	NA
NA	erm42	1	903	+	erm(42)	23S rRNA (adenine(2058)-N(6))-methyltransferase Erm(42)	core	AMR	AMR	LINCOSAMIDE/MACROLIDE	CLINDAMYCIN/ERYTHROMYCIN	EXACTX	301	301	100.00	100.00	301	WP_052259183.1	23S rRNA (adenine(2058)-N(6))-methyltransferase Erm(42)	NA	NA
NA	ermB	1	735	+	erm(B)	23S rRNA (adenine(2058)-N(6))-methyltransferase Erm(B)	core	AMR	AMR	LINCOSAMIDE/MACROLIDE/STREPTOGRAMIN	CLINDAMYCIN/ERYTHROMYCIN/STREPTOGRAMIN B	BLASTX	245	245	100.00	99.59	245	WP_002321849.1	23S rRNA (adenine(2058)-N(6))-methyltransferase Erm(B)	NA	NA
NA	ermG	1	732	+	erm(G)	23S rRNA (adenine(2058)-N(6))-methyltransferase Erm(G)	core	AMR	AMR	LINCOSAMIDE/MACROLIDE/STREPTOGRAMIN	ERYTHROMYCIN/LINCOSAMIDE/STREPTOGRAMIN/TYLOSIN	EXACTX	244	244	100.00	100.00	244	WP_014387027.1	23S rRNA (adenine(2058)-N(6))-methyltransferase Erm(G)	NA	NA
NA	estX~~~dfrA1~~~dfrA32~~~dfrA17~~~dfrA7	229	699	+	dfrA32	trimethoprim-resistant dihydrofolate reductase DfrA32	core	AMR	AMR	TRIMETHOPRIM	TRIMETHOPRIM	EXACTX	157	157	100.00	100.00	157	WP_032084013.1	trimethoprim-resistant dihydrofolate reductase DfrA32	NA	NA
NA	fieF	1	900	+	fieF	CDF family cation-efflux transporter FieF	plus	STRESS	METAL	NA	NA	EXACTX	300	300	100.00	100.00	300	BAB89353.1	CDF family cation-efflux transporter FieF	NA	NA
NA	floR	1	1212	+	floR	chloramphenicol/florfenicol efflux MFS transporter FloR	core	AMR	AMR	PHENICOL	CHLORAMPHENICOL/FLORFENICOL	BLASTX	404	404	100.00	99.75	404	WP_000214122.1	chloramphenicol/florfenicol efflux MFS transporter FloR	NA	NA
NA	fosA~~~fosA7	1	420	+	fosA7	FosA7 family fosfomycin resistance glutathione transferase	core	AMR	AMR	FOSFOMYCIN	FOSFOMYCIN	BLASTX	140	140	100.00	95.00	140	WP_023216493.1	fosfomycin resistance glutathione transferase FosA7.4	NA	NA
NA	group_10111	1	3168	+	oqxB	multidrug efflux RND transporter permease subunit OqxB	core	AMR	AMR	PHENICOL/QUINOLONE	PHENICOL/QUINOLONE	BLASTX	1056	1050	100.00	99.34	1056	WP_016947602.1	multidrug efflux RND transporter permease subunit OqxB25	NA	NA
NA	group_10321	1	426	+	merR	mercury resistance transcriptional regulator MerR	plus	STRESS	METAL	MERCURY	MERCURY	BLASTX	142	144	98.61	92.96	142	CAA77320.1	mercury resistance transcriptional regulator MerR	NA	NA
NA	group_1033	1	2172	+	iroN	siderophore salmochelin receptor IroN	plus	VIRULENCE	VIRULENCE	NA	NA	EXACTX	724	724	100.00	100.00	724	CCG33322.1	siderophore salmochelin receptor IroN	NA	NA
NA	group_10377	1	1197	+	tet(A)	tetracycline efflux MFS transporter Tet(A)	core	AMR	AMR	TETRACYCLINE	TETRACYCLINE	EXACTX	399	399	100.00	100.00	399	WP_000804063.1	tetracycline efflux MFS transporter Tet(A)	NA	NA
NA	group_10464	1	411	+	crcB	fluoride efflux transporter CrcB	plus	STRESS	BIOCIDE	FLUORIDE	FLUORIDE	BLASTX	137	137	100.00	98.54	137	CCN31428.1	fluoride efflux transporter CrcB	NA	NA
NA	group_11640	1	1113	+	iroB	salmochelin biosynthesis C-glycosyltransferase IroB	plus	VIRULENCE	VIRULENCE	NA	NA	BLASTX	371	371	100.00	89.22	371	EOW04219.1	salmochelin biosynthesis C-glycosyltransferase IroB	NA	NA
NA	group_12101	1	2094	+	mchF	microcin H47 export transporter peptidase/ATP-binding subunit MchF	plus	VIRULENCE	VIRULENCE	NA	NA	BLASTX	698	698	100.00	98.28	698	AAL08400.1	microcin H47 export transporter peptidase/ATP-binding subunit MchF	NA	NA
NA	group_122	1	3636	+	iroC	salmochelin/enterobactin export ABC transporter IroC	plus	VIRULENCE	VIRULENCE	NA	NA	BLASTX	1212	1219	99.51	88.95	1213	AUH19662.1	salmochelin/enterobactin export ABC transporter IroC	NA	NA
NA	group_13338	284	397	+	astA	heat-stable enterotoxin EAST1	plus	VIRULENCE	VIRULENCE	NA	NA	BLASTX	38	38	100.00	97.37	38	AAM88299.1	heat-stable enterotoxin EAST1	NA	NA
NA	group_14516	1	270	+	merP	mercury resistance system periplasmic binding protein MerP	plus	STRESS	METAL	MERCURY	MERCURY	BLASTX	90	91	98.90	93.33	90	AAA98223.1	mercury resistance system periplasmic binding protein MerP	NA	NA
NA	group_14517	1	234	+	merE	broad-spectrum mercury transporter MerE	plus	STRESS	METAL	MERCURY	MERCURY	EXACTX	78	78	100.00	100.00	78	AAC38236.1	broad-spectrum mercury transporter MerE	NA	NA
NA	group_14518	1	348	+	merT	mercuric transport protein MerT	plus	STRESS	METAL	MERCURY	MERCURY	BLASTX	116	116	100.00	93.97	116	AAA98222.1	mercuric transport protein MerT	NA	NA
NA	group_14520	1	363	+	merD	mercury resistance co-regulator MerD	plus	STRESS	METAL	MERCURY	MERCURY	BLASTX	121	121	100.00	98.35	121	AAC38221.1	mercury resistance co-regulator MerD	NA	NA
NA	group_14521	1	432	+	merR	mercury resistance transcriptional regulator MerR	plus	STRESS	METAL	MERCURY	MERCURY	BLASTX	144	144	100.00	94.44	144	AAC38229.1	mercury resistance transcriptional regulator MerR	NA	NA
NA	group_16286	1	576	+	terD	tellurium resistance membrane protein TerD	plus	STRESS	METAL	TELLURIUM	TELLURIUM	BLASTX	192	192	100.00	95.31	192	AAA98292.1	tellurium resistance membrane protein TerD	NA	NA
NA	group_16320	1	579	+	terZ	tellurium resistance-associated protein TerZ	plus	STRESS	METAL	TELLURIUM	TELLURIUM	EXACTX	193	193	100.00	100.00	193	AAA86846.1	tellurium resistance-associated protein TerZ	NA	NA
NA	group_1710	1	1842	+	oqxB	multidrug efflux RND transporter permease subunit OqxB	core	AMR	AMR	PHENICOL/QUINOLONE	PHENICOL/QUINOLONE	PARTIAL_CONTIG_ENDX	614	1050	58.48	100.00	614	WP_004149399.1	multidrug efflux RND transporter permease subunit OqxB19	NA	NA
NA	group_18624	1	348	+	arsR	As(III)-sensing metalloregulatory transcriptional repressor ArsR	plus	STRESS	METAL	ARSENIC	ARSENIC	BLASTX	116	116	100.00	93.97	116	AET17094.1	As(III)-sensing metalloregulatory transcriptional repressor ArsR	NA	NA
NA	group_18668	16	1158	+	ampC	CMY2-MIR-ACT-EC family cephalosporin-hydrolyzing class C beta-lactamase	core	AMR	AMR	BETA-LACTAM	CEPHALOSPORIN	EXACTX	381	381	100.00	100.00	381	WP_063406924.1	CMY2-MIR-ACT-EC family cephalosporin-hydrolyzing class C beta-lactamase	NA	NA
NA	group_18916	1	3147	+	oqxB	multidrug efflux RND transporter permease subunit OqxB	core	AMR	AMR	PHENICOL/QUINOLONE	PHENICOL/QUINOLONE	BLASTX	1049	1050	99.90	97.43	1049	WP_012967412.1	multidrug efflux RND transporter permease subunit OqxB9	NA	NA
NA	group_18921	1	1173	+	oqxA	multidrug efflux RND transporter periplasmic adaptor subunit OqxA	core	AMR	AMR	PHENICOL/QUINOLONE	PHENICOL/QUINOLONE	BLASTX	391	391	100.00	92.58	391	WP_002914189.1	multidrug efflux RND transporter periplasmic adaptor subunit OqxA	NA	NA
NA	group_20207	1	885	+	yfdX2	heat resistance protein YfdX2	plus	STRESS	HEAT	NA	NA	BLASTX	295	295	100.00	93.90	295	ASF80766.1	heat resistance protein YfdX2	NA	NA
NA	group_20213	1	438	+	trxLHR	heat resistance system thioredoxin Trx-GI	plus	STRESS	HEAT	NA	NA	BLASTX	146	146	100.00	89.73	146	APX31176.1	heat resistance system thioredoxin Trx-GI	NA	NA
NA	group_20222	1	912	+	yfdX1	heat resistance protein YfdX1	plus	STRESS	HEAT	NA	NA	BLASTX	304	304	100.00	94.74	304	APX31172.1	heat resistance protein YfdX1	NA	NA
NA	group_20223	1	456	+	shsP	small heat shock protein sHSP20-GI	plus	STRESS	HEAT	NA	NA	BLASTX	152	152	100.00	98.03	152	ASF80771.1	small heat shock protein sHSP20-GI	NA	NA
NA	group_20226	1	2859	+	clpK	heat shock survival AAA family ATPase ClpK	plus	STRESS	HEAT	NA	NA	BLASTX	953	949	100.00	94.44	953	ASF80763.1	heat shock survival AAA family ATPase ClpK	NA	NA
NA	group_20433	1	1296	+	ncrA	Metal Resistance	plus	STRESS	METAL	NICKEL	NICKEL	BLASTX	432	432	100.00	95.14	432	ABF14406.1	Metal Resistance	NA	NA
NA	group_20440	1	1137	+	ncrC	Ni(II)/Co(II) efflux transporter permease subunit NcrC	plus	STRESS	METAL	COPPER/NICKEL	COPPER/NICKEL	BLASTX	379	376	99.73	94.46	379	ADF64798.1	Ni(II)/Co(II) efflux transporter permease subunit NcrC	NA	NA
NA	group_20478	1	1164	+	pcoS	copper resistance membrane spanning protein PcoS	plus	STRESS	METAL	COPPER	COPPER	PARTIAL_CONTIG_ENDX	388	466	83.26	97.94	388	CAA58530.1	copper resistance membrane spanning protein PcoS	NA	NA
NA	group_3605	1	1749	+	arsA	arsenite efflux transporter ATPase subunit ArsA	plus	STRESS	METAL	ARSENIC	ARSENITE	BLASTX	583	583	100.00	97.60	583	BAA24822.1	arsenite efflux transporter ATPase subunit ArsA	NA	NA
NA	group_3606	1	351	+	arsR	As(III)-sensing metalloregulatory transcriptional repressor ArsR	plus	STRESS	METAL	ARSENIC	ARSENIC	EXACTX	117	117	100.00	100.00	117	AAB09624.1	As(III)-sensing metalloregulatory transcriptional repressor ArsR	NA	NA
NA	group_418	1	348	+	arsR	As(III)-sensing metalloregulatory transcriptional repressor ArsR	plus	STRESS	METAL	ARSENIC	ARSENIC	EXACTX	116	116	100.00	100.00	116	AET17094.1	As(III)-sensing metalloregulatory transcriptional repressor ArsR	NA	NA
NA	group_4246	1	423	+	arsC	glutaredoxin-dependent arsenate reductase	plus	STRESS	METAL	ARSENIC	ARSENATE	BLASTX	141	141	100.00	97.16	141	BAA24824.1	glutaredoxin-dependent arsenate reductase	NA	NA
NA	group_5858	1	360	+	arsD	arsenite efflux transporter metallochaperone ArsD	plus	STRESS	METAL	ARSENIC	ARSENITE	BLASTX	120	120	100.00	90.83	120	AAB09625.1	arsenite efflux transporter metallochaperone ArsD	NA	NA
NA	group_6784	58	1776	+	iucA	aerobactin synthase IucA	plus	VIRULENCE	VIRULENCE	NA	NA	BLASTX	573	576	99.83	90.09	575	EGI25746.1	aerobactin synthase IucA	NA	NA
NA	group_7152	1	1287	+	arsB	arsenite efflux transporter membrane subunit ArsB	plus	STRESS	METAL	ARSENIC	ARSENITE	BLASTX	429	429	100.00	97.44	429	AAB42204.1	arsenite efflux transporter membrane subunit ArsB	NA	NA
NA	group_7164	1	189	+	merE	broad-spectrum mercury transporter MerE	plus	STRESS	METAL	MERCURY	MERCURY	PARTIALX	63	78	80.77	96.83	63	AAC38236.1	broad-spectrum mercury transporter MerE	NA	NA
NA	group_7181	1	363	+	merD	mercury resistance co-regulator MerD	plus	STRESS	METAL	MERCURY	MERCURY	EXACTX	121	121	100.00	100.00	121	ABF13034.1	mercury resistance co-regulator MerD	NA	NA
NA	group_7253	1	1683	+	merA	mercury(II) reductase	plus	STRESS	METAL	MERCURY	MERCURY	BLASTX	561	561	100.00	92.69	561	ACU65296.1	mercury(II) reductase	NA	NA
NA	group_7400	1	279	+	merP	mercury resistance system periplasmic binding protein MerP	plus	STRESS	METAL	MERCURY	MERCURY	BLASTX	93	91	100.00	93.55	93	AAC38219.1	mercury resistance system periplasmic binding protein MerP	NA	NA
NA	group_7554	34	378	+	merT	mercuric transport protein MerT	plus	STRESS	METAL	MERCURY	MERCURY	BLASTX	115	116	99.14	99.13	115	CAA70196.1	mercuric transport protein MerT	NA	NA
NA	group_8466	1	1095	+	pmrB_R256G	Klebsiella pneumoniae colistin resistant PmrB	core	AMR	POINT	COLISTIN	COLISTIN	POINTX	365	365	100.00	99.18	365	WP_004179093.1	two-component system sensor histidine kinase PmrB	NA	NA
NA	group_8466	1	1095	+	pmrB_T157P	Klebsiella pneumoniae colistin resistant PmrB	core	AMR	POINT	COLISTIN	COLISTIN	POINTX	365	365	100.00	99.18	365	WP_004179093.1	two-component system sensor histidine kinase PmrB	NA	NA
NA	group_8503	1	849	+	sul1	sulfonamide-resistant dihydropteroate synthase Sul1	core	AMR	AMR	SULFONAMIDE	SULFONAMIDE	EXACTX	283	283	100.00	100.00	283	WP_000946487.1	sulfonamide-resistant dihydropteroate synthase Sul1	NA	NA
NA	group_8712	1	1287	+	arsB	arsenite efflux transporter membrane subunit ArsB	plus	STRESS	METAL	ARSENIC	ARSENITE	BLASTX	429	429	100.00	98.37	429	BAA24823.1	arsenite efflux transporter membrane subunit ArsB	NA	NA
NA	group_8921	1	1038	+	terC	tellurium resistance membrane protein TerC	plus	STRESS	METAL	TELLURIUM	TELLURIUM	BLASTX	346	346	100.00	99.13	346	AAA98291.1	tellurium resistance membrane protein TerC	NA	NA
NA	hdeDGI	1	609	+	hdeD-GI	heat resistance membrane protein HdeD-GI	plus	STRESS	HEAT	NA	NA	BLASTX	203	203	100.00	96.06	203	APX31174.1	heat resistance membrane protein HdeD-GI	NA	NA
NA	hsp20	1	576	+	hsp20	small heat shock protein sHSP20	plus	STRESS	HEAT	NA	NA	BLASTX	192	189	100.00	97.92	192	CDY80020.1	small heat shock protein sHSP20	NA	NA
NA	iroB	1	1113	+	iroB	salmochelin biosynthesis C-glycosyltransferase IroB	plus	VIRULENCE	VIRULENCE	NA	NA	BLASTX	371	371	100.00	90.30	371	EOW04219.1	salmochelin biosynthesis C-glycosyltransferase IroB	NA	NA
NA	iroC	1	3666	+	iroC	salmochelin/enterobactin export ABC transporter IroC	plus	VIRULENCE	VIRULENCE	NA	NA	BLASTX	1222	1219	100.00	84.30	1223	AUH19662.1	salmochelin/enterobactin export ABC transporter IroC	NA	NA
NA	iroD	1	1227	+	iroD	catecholate siderophore esterase IroD	plus	VIRULENCE	VIRULENCE	NA	NA	BLASTX	409	409	100.00	98.78	409	AVE24993.1	catecholate siderophore esterase IroD	NA	NA
NA	iroN	1	2172	+	iroN	siderophore salmochelin receptor IroN	plus	VIRULENCE	VIRULENCE	NA	NA	EXACTX	724	724	100.00	100.00	724	BAH65949.1	siderophore salmochelin receptor IroN	NA	NA
NA	iscR~~~oqxR	1	501	+	oqxR_D95E	Klebsiella pneumoniae tigecycline resistant OqxR	core	AMR	POINT	TETRACYCLINE	TIGECYCLINE	POINTX	167	159	100.00	92.81	167	WP_000888203.1	Rrf2 family transcriptional regulator OqxR	NA	NA
NA	iscR~~~oqxR	1	501	+	oqxR_V113I	Klebsiella pneumoniae tigecycline resistant OqxR	core	AMR	POINT	TETRACYCLINE	TIGECYCLINE	POINTX	167	159	100.00	92.81	167	WP_000888203.1	Rrf2 family transcriptional regulator OqxR	NA	NA
NA	iucA	1	1722	+	iucA	aerobactin synthase IucA	plus	VIRULENCE	VIRULENCE	NA	NA	BLASTX	574	576	100.00	95.31	576	EGI25746.1	aerobactin synthase IucA	NA	NA
NA	iucB	1	945	+	iucB	N(6)-hydroxylysine O-acetyltransferase IucB	plus	VIRULENCE	VIRULENCE	NA	NA	BLASTX	315	315	100.00	96.19	315	AAN82074.1	N(6)-hydroxylysine O-acetyltransferase IucB	NA	NA
NA	iucC	1	1740	+	iucC	NIS family aerobactin synthetase IucC	plus	VIRULENCE	VIRULENCE	NA	NA	BLASTX	580	580	100.00	97.41	580	AAN82073.1	NIS family aerobactin synthetase IucC	NA	NA
NA	iutA	13	2199	+	iutA	ferric aerobactin receptor IutA	plus	VIRULENCE	VIRULENCE	NA	NA	BLASTX	729	731	99.73	89.57	729	AAN45165.2	ferric aerobactin receptor IutA	NA	NA
NA	kefBGI	1	1713	+	kefB-GI	heat resistance system K+/H+ antiporter KefB-GI	plus	STRESS	HEAT	NA	NA	BLASTX	571	571	100.00	98.95	571	APX31177.1	heat resistance system K+/H+ antiporter KefB-GI	NA	NA
NA	lnuF	1	819	+	lnu(F)	lincosamide nucleotidyltransferase Lnu(F)	core	AMR	AMR	LINCOSAMIDE	LINCOSAMIDE	EXACTX	273	273	100.00	100.00	273	WP_000939727.1	lincosamide nucleotidyltransferase Lnu(F)	NA	NA
NA	mcr81	1	1695	+	mcr-8.1	phosphoethanolamine--lipid A transferase MCR-8.1	core	AMR	AMR	COLISTIN	COLISTIN	ALLELEX	565	565	100.00	100.00	565	WP_114699275.1	phosphoethanolamine--lipid A transferase MCR-8.1	NA	NA
NA	merB	1	636	+	merB	organomercurial lyase MerB	plus	STRESS	METAL	MERCURY	ORGANOMERCURY	EXACTX	212	212	100.00	100.00	212	AAA88369.1	organomercurial lyase MerB	NA	NA
NA	merC	40	459	+	merC	organomercurial transporter MerC	plus	STRESS	METAL	MERCURY	ORGANOMERCURY	EXACTX	140	140	100.00	100.00	140	AAC33908.1	organomercurial transporter MerC	NA	NA
NA	merF	1	243	+	merF	mercury resistance system transport protein MerF	plus	STRESS	METAL	MERCURY	MERCURY	EXACTX	81	81	100.00	100.00	81	ABA25986.1	mercury resistance system transport protein MerF	NA	NA
NA	merP	1	273	+	merP	mercury resistance system periplasmic binding protein MerP	plus	STRESS	METAL	MERCURY	MERCURY	EXACTX	91	91	100.00	100.00	91	AAA98223.1	mercury resistance system periplasmic binding protein MerP	NA	NA
NA	merR	1	432	+	merR	mercury resistance transcriptional regulator MerR	plus	STRESS	METAL	MERCURY	MERCURY	EXACTX	144	144	100.00	100.00	144	AAA98221.1	mercury resistance transcriptional regulator MerR	NA	NA
NA	merT	1	348	+	merT	mercuric transport protein MerT	plus	STRESS	METAL	MERCURY	MERCURY	EXACTX	116	116	100.00	100.00	116	AAA98222.1	mercuric transport protein MerT	NA	NA
NA	mphA	1	903	+	mph(A)	Mph(A) family macrolide 2'-phosphotransferase	core	AMR	AMR	MACROLIDE	AZITHROMYCIN/ERYTHROMYCIN/SPIRAMYCIN/TELITHROMYCIN	BLASTX	301	301	100.00	100.00	301	WP_000219391.1	Mph(A) family macrolide 2'-phosphotransferase	NA	NA
NA	mphE	1	882	+	mph(E)	Mph(E) family macrolide 2'-phosphotransferase	core	AMR	AMR	MACROLIDE	ERYTHROMYCIN	EXACTX	294	294	100.00	100.00	294	WP_000155092.1	Mph(E) family macrolide 2'-phosphotransferase	NA	NA
NA	msrE	1	1473	+	msr(E)	ABC-F type ribosomal protection protein Msr(E)	core	AMR	AMR	MACROLIDE/STREPTOGRAMIN	AZITHROMYCIN/ERYTHROMYCIN/STREPTOGRAMIN	EXACTX	491	491	100.00	100.00	491	WP_000052512.1	ABC-F type ribosomal protection protein Msr(E)	NA	NA
NA	ncrA	1	1296	+	ncrA	Metal Resistance	plus	STRESS	METAL	NICKEL	NICKEL	BLASTX	432	432	100.00	95.60	432	ABF61434.1	Metal Resistance	NA	NA
NA	ncrB	1	267	+	ncrB	nickel-sensing transcriptional repressor NcrB	plus	STRESS	METAL	NICKEL	NICKEL	BLASTX	89	89	100.00	95.51	89	ABF14407.1	nickel-sensing transcriptional repressor NcrB	NA	NA
NA	ncrC	1	1125	+	ncrC	Ni(II)/Co(II) efflux transporter permease subunit NcrC	plus	STRESS	METAL	COPPER/NICKEL	COPPER/NICKEL	BLASTX	375	376	99.73	96.53	375	ADF64798.1	Ni(II)/Co(II) efflux transporter permease subunit NcrC	NA	NA
NA	oqxA	1	1173	+	oqxA	multidrug efflux RND transporter periplasmic adaptor subunit OqxA	core	AMR	AMR	PHENICOL/QUINOLONE	PHENICOL/QUINOLONE	BLASTX	391	391	100.00	97.44	391	WP_002914189.1	multidrug efflux RND transporter periplasmic adaptor subunit OqxA	NA	NA
NA	pcoA	1	1824	+	pcoA	multicopper oxidase PcoA	plus	STRESS	METAL	COPPER	COPPER	BLASTX	608	605	100.00	99.51	608	CAA58525.1	multicopper oxidase PcoA	NA	NA
NA	pcoB	7	894	+	pcoB	copper-binding protein PcoB	plus	STRESS	METAL	COPPER	COPPER	BLASTX	296	296	100.00	99.66	296	CAA58526.1	copper-binding protein PcoB	NA	NA
NA	pcoC	1	378	+	pcoC	copper resistance system metallochaperone PcoC	plus	STRESS	METAL	COPPER	COPPER	EXACTX	126	126	100.00	100.00	126	CAA58527.1	copper resistance system metallochaperone PcoC	NA	NA
NA	pcoD	1	927	+	pcoD	copper resistance inner membrane protein PcoD	plus	STRESS	METAL	COPPER	COPPER	BLASTX	309	309	100.00	99.68	309	CAA58528.1	copper resistance inner membrane protein PcoD	NA	NA
NA	pcoE	1	432	+	pcoE	copper resistance system metallochaperone PcoE	plus	STRESS	METAL	COPPER	COPPER	BLASTX	144	144	100.00	93.75	144	CAA58532.1	copper resistance system metallochaperone PcoE	NA	NA
NA	pcoR	1	678	+	pcoR	copper response regulator transcription factor PcoR	plus	STRESS	METAL	COPPER	COPPER	EXACTX	226	226	100.00	100.00	226	CAA58529.1	copper response regulator transcription factor PcoR	NA	NA
NA	pcoS	1	1224	+	pcoS	copper resistance membrane spanning protein PcoS	plus	STRESS	METAL	COPPER	COPPER	PARTIALX	408	466	87.55	99.26	408	CAA58530.1	copper resistance membrane spanning protein PcoS	NA	NA
NA	peg344	1	900	+	peg-344	DMT family inner membrane transporter PEG344	plus	VIRULENCE	VIRULENCE	NA	NA	EXACTX	300	300	100.00	100.00	300	BAH65947.1	DMT family inner membrane transporter PEG344	NA	NA
NA	qacEdelta1	1	345	+	qacEdelta1	quaternary ammonium compound efflux SMR transporter QacE delta 1	core	STRESS	BIOCIDE	QUATERNARY AMMONIUM	QUATERNARY AMMONIUM	ALLELEX	115	115	100.00	100.00	115	WP_000679427.1	quaternary ammonium compound efflux SMR transporter QacE delta 1	NA	NA
NA	qacF~~~qacE	1	330	+	qacF	quaternary ammonium compound efflux SMR transporter QacF	core	STRESS	BIOCIDE	QUATERNARY AMMONIUM	QUATERNARY AMMONIUM	EXACTX	110	110	100.00	100.00	110	WP_015243636.1	quaternary ammonium compound efflux SMR transporter QacF	NA	NA
NA	qacL	1	330	+	qacL	quaternary ammonium compound efflux SMR transporter QacL	core	STRESS	BIOCIDE	QUATERNARY AMMONIUM	QUATERNARY AMMONIUM	EXACTX	110	110	100.00	100.00	110	WP_000800531.1	quaternary ammonium compound efflux SMR transporter QacL	NA	NA
NA	qnrB2~~~qnrB~~~qnrB1	4	645	+	qnrB4	quinolone resistance pentapeptide repeat protein QnrB4	core	AMR	AMR	QUINOLONE	QUINOLONE	ALLELEX	214	214	100.00	100.00	214	WP_017900990.1	quinolone resistance pentapeptide repeat protein QnrB4	NA	NA
NA	qnrS1	1	654	+	qnrS1	quinolone resistance pentapeptide repeat protein QnrS1	core	AMR	AMR	QUINOLONE	QUINOLONE	ALLELEX	218	218	100.00	100.00	218	WP_001516695.1	quinolone resistance pentapeptide repeat protein QnrS1	NA	NA
NA	rmpA	1	630	+	rmpA	mucoid phenotype regulator RmpA	plus	VIRULENCE	VIRULENCE	NA	NA	BLASTX	210	210	100.00	97.62	210	AMA27886.1	mucoid phenotype regulator RmpA	NA	NA
NA	rmpC	151	546	+	rmpC	mucoid phenotype regulator RmpC	plus	VIRULENCE	VIRULENCE	NA	NA	BLASTX	132	133	99.25	90.91	132	AIK83625.1	mucoid phenotype regulator RmpC	NA	NA
NA	rmtB1	1	753	+	rmtB1	16S rRNA (guanine(1405)-N(7))-methyltransferase RmtB1	core	AMR	AMR	AMINOGLYCOSIDE	AMINOGLYCOSIDE	ALLELEX	251	251	100.00	100.00	251	WP_012372818.1	16S rRNA (guanine(1405)-N(7))-methyltransferase RmtB1	NA	NA
NA	rmtF1	1	777	+	rmtF1	16S rRNA (guanine(1405)-N(7))-methyltransferase RmtF1	core	AMR	AMR	AMINOGLYCOSIDE	AMINOGLYCOSIDE	ALLELEX	259	259	100.00	100.00	259	WP_015632396.1	16S rRNA (guanine(1405)-N(7))-methyltransferase RmtF1	NA	NA
NA	sat2	1	522	+	sat2	streptothricin N-acetyltransferase Sat2	core	AMR	AMR	STREPTOTHRICIN	STREPTOTHRICIN	EXACTX	174	174	100.00	100.00	174	WP_000704156.1	streptothricin N-acetyltransferase Sat2	NA	NA
NA	shsP	1	456	+	shsP	small heat shock protein sHSP20-GI	plus	STRESS	HEAT	NA	NA	BLASTX	152	152	100.00	97.37	152	ASF80771.1	small heat shock protein sHSP20-GI	NA	NA
NA	silA	1	3144	+	silA	Cu(+)/Ag(+) efflux RND transporter permease subunit SilA	plus	STRESS	METAL	COPPER/SILVER	COPPER/SILVER	BLASTX	1048	1048	100.00	98.85	1048	AAD11749.1	Cu(+)/Ag(+) efflux RND transporter permease subunit SilA	NA	NA
NA	silB	1	1290	+	silB	Cu(+)/Ag(+) efflux RND transporter periplasmic adaptor subunit SilB	plus	STRESS	METAL	COPPER/SILVER	COPPER/SILVER	BLASTX	430	430	100.00	97.91	430	AAD11748.1	Cu(+)/Ag(+) efflux RND transporter periplasmic adaptor subunit SilB	NA	NA
NA	silC	1	1383	+	silC	Cu(+)/Ag(+) efflux RND transporter outer membrane channel SilC	plus	STRESS	METAL	COPPER/SILVER	COPPER/SILVER	BLASTX	461	461	100.00	98.26	461	SPD96884.1	Cu(+)/Ag(+) efflux RND transporter outer membrane channel SilC	NA	NA
NA	silE	1	429	+	silE	silver-binding protein SilE	plus	STRESS	METAL	SILVER	SILVER	BLASTX	143	143	100.00	88.11	143	AAD11743.1	silver-binding protein SilE	NA	NA
NA	silP	1	2451	+	silP	Ag(+)-translocating P-type ATPase SilP	plus	STRESS	METAL	SILVER	SILVER	BLASTX	817	824	98.79	94.25	818	AAD11750.1	Ag(+)-translocating P-type ATPase SilP	NA	NA
NA	silR	1	678	+	silR	copper/silver response regulator transcription factor SilR	plus	STRESS	METAL	COPPER/SILVER	COPPER/SILVER	BLASTX	226	226	100.00	98.23	226	SPD96883.1	copper/silver response regulator transcription factor SilR	NA	NA
NA	silS~~~cusS	1	1470	+	silS	copper/silver sensor histidine kinase SilS	plus	STRESS	METAL	COPPER/SILVER	COPPER/SILVER	BLASTX	490	491	99.80	96.73	490	SPD96882.1	copper/silver sensor histidine kinase SilS	NA	NA
NA	sul2	34	846	+	sul2	sulfonamide-resistant dihydropteroate synthase Sul2	core	AMR	AMR	SULFONAMIDE	SULFONAMIDE	EXACTX	271	271	100.00	100.00	271	WP_001043260.1	sulfonamide-resistant dihydropteroate synthase Sul2	NA	NA
NA	sul3	1	789	+	sul3	sulfonamide-resistant dihydropteroate synthase Sul3	core	AMR	AMR	SULFONAMIDE	SULFONAMIDE	EXACTX	263	263	100.00	100.00	263	WP_000034420.1	sulfonamide-resistant dihydropteroate synthase Sul3	NA	NA
NA	terB	1	453	+	terB	tellurium resistance membrane protein TerB	plus	STRESS	METAL	TELLURIUM	TELLURIUM	EXACTX	151	151	100.00	100.00	151	ACI12150.1	tellurium resistance membrane protein TerB	NA	NA
NA	terD	1	576	+	terD	tellurium resistance membrane protein TerD	plus	STRESS	METAL	TELLURIUM	TELLURIUM	BLASTX	192	192	100.00	98.96	192	AAA98292.1	tellurium resistance membrane protein TerD	NA	NA
NA	terE	1	573	+	terE	tellurium resistance cAMP binding protein TerE	plus	STRESS	METAL	TELLURIUM	TELLURIUM	BLASTX	191	191	100.00	99.48	191	AAA98293.1	tellurium resistance cAMP binding protein TerE	NA	NA
NA	terW	1	465	+	terW	tellurium resistance protein TerW	plus	STRESS	METAL	TELLURIUM	TELLURIUM	EXACTX	155	155	100.00	100.00	155	AAC44736.1	tellurium resistance protein TerW	NA	NA
NA	tetD	1	1182	+	tet(D)	tetracycline efflux MFS transporter Tet(D)	core	AMR	AMR	TETRACYCLINE	TETRACYCLINE	EXACTX	394	394	100.00	100.00	394	WP_001039466.1	tetracycline efflux MFS transporter Tet(D)	NA	NA
NA	tetX5	1	654	+	tet(X5)	tetracycline-inactivating monooxygenase Tet(X5)	core	AMR	AMR	TETRACYCLINE	TIGECYCLINE	PARTIAL_CONTIG_ENDX	218	388	56.19	97.71	218	WP_150378267.1	tetracycline-inactivating monooxygenase Tet(X5)	NA	NA
NA	trxLHR	1	438	+	trxLHR	heat resistance system thioredoxin Trx-GI	plus	STRESS	HEAT	NA	NA	BLASTX	146	146	100.00	98.63	146	APX31176.1	heat resistance system thioredoxin Trx-GI	NA	NA
NA	ybtP	1	1800	+	ybtP	yersiniabactin ABC transporter ATP-binding/permease protein YbtP	plus	VIRULENCE	VIRULENCE	NA	NA	BLASTX	600	600	100.00	99.67	600	CAA21388.1	yersiniabactin ABC transporter ATP-binding/permease protein YbtP	NA	NA
NA	ybtQ	1	1800	+	ybtQ	yersiniabactin ABC transporter ATP-binding/permease protein YbtQ	plus	VIRULENCE	VIRULENCE	NA	NA	BLASTX	600	600	100.00	99.50	600	AAC69584.1	yersiniabactin ABC transporter ATP-binding/permease protein YbtQ	NA	NA
NA	yfdX1	1	912	+	yfdX1	heat resistance protein YfdX1	plus	STRESS	HEAT	NA	NA	BLASTX	304	304	100.00	99.34	304	APX31172.1	heat resistance protein YfdX1	NA	NA
NA	yfdX2	1	885	+	yfdX2	heat resistance protein YfdX2	plus	STRESS	HEAT	NA	NA	BLASTX	295	295	100.00	98.98	295	ASF80766.1	heat resistance protein YfdX2	NA	NA
